date,inflation_yoy,inflation_impulse,unemployment_rate,credit_spread_level,credit_spread_3m_change,real_fed_funds,yield_curve_slope,vix_1m_change,vix_term_structure,equity_momentum_3m,equity_vol_3m,equity_drawdown_from_high
1998-08-31,,,4.5,3.38,,,0.009999999999999787,,1.0,,,
1998-09-30,,,4.5,5.2,,,0.13999999999999968,19.479999542236335,1.0,,,
1998-10-31,,,4.6,5.95,,,0.14000000000000057,-3.329998016357429,1.0,,,
1998-11-30,,,4.6,6.52,3.1399999999999997,,0.5199999999999996,-12.900001525878906,1.0,-1.2459435822080422,42.814661600293604,
1998-12-31,,,4.4,5.44,0.2400000000000002,,0.20000000000000018,-2.0399990081787074,1.0,21.39079835590576,4.50033460644717,
1999-01-31,,,4.3,5.66,-0.29000000000000004,,0.11000000000000032,-1.5900001525878942,1.0,21.594267461841167,4.438888771590664,
1999-02-28,,,4.3,5.6,-0.9199999999999999,,0.08000000000000007,1.8299999237060547,1.0,16.43667673837106,5.338814637273043,
1999-03-31,,,4.4,5.21,-0.23000000000000043,,0.16000000000000014,1.6299991607666016,1.0,6.758150823712694,17.28863004997727,
1999-04-30,,,4.2,5.19,-0.46999999999999975,,0.2599999999999998,-4.619998931884762,1.0,4.357934124807206,14.124625727071704,
1999-05-31,,,4.3,4.76,-0.8399999999999999,,0.28000000000000025,1.8099994659423793,1.0,4.635063465864597,14.370834750424002,
1999-06-30,,,4.2,4.75,-0.45999999999999996,,0.21999999999999975,0.3199996948242223,1.0,5.629922300201717,12.532110050884654,
1999-07-31,,,4.3,4.87,-0.3200000000000003,,0.27999999999999936,-4.29999923706055,1.0,7.040707848111416,14.23136761630035,0.0
1999-08-31,2.0820575627678917,-0.8732468614459643,4.3,4.66,-0.09999999999999964,2.9079424372321085,0.29000000000000004,3.5499992370605504,1.0,-0.07449192071434796,16.524834309917225,-3.102143387046108
1999-09-30,2.2004889975550057,0.22805860211807527,4.2,4.9,0.15000000000000036,2.8695110024449946,0.25,-0.18999862670898793,1.0,1.7343064391864615,15.362171826338496,-3.603920074676581
1999-10-31,2.6283618581907087,1.5262984304988736,4.2,5.07,0.20000000000000018,2.591638141809291,0.27000000000000046,0.9599990844726562,1.0,-5.7571986481579245,4.555683398742173,-5.7571986481579245
1999-11-30,2.5609756097561,1.0871771807309027,4.1,5.13,0.46999999999999975,2.6390243902439003,0.22999999999999954,-3.2099990844726562,1.0,3.492133386048102,15.848332733709022,0.0
1999-12-31,2.495435179549599,0.4064322438119161,4.1,4.91,0.009999999999999787,2.924564820450401,0.16999999999999993,1.9799995422363281,1.0,5.763155566595479,14.991354828660802,0.0
2000-01-31,2.6139817629179385,-0.4525467545072326,4.1,4.76,-0.3100000000000005,2.6860182370820613,0.20999999999999996,0.4599990844726598,1.0,14.357721895203213,8.870816767846447,0.0
2000-02-29,2.733900364520059,-0.576351385772278,4.0,4.87,-0.2599999999999998,2.7160996354799414,0.0699999999999994,0.3100013732910121,1.0,2.1205097299182185,18.696461144021136,-4.978736313669819
2000-03-31,3.2179720704310855,0.6370104225420947,4.1,5.08,0.16999999999999993,2.512027929568915,-0.11000000000000032,-1.5799999237060547,1.0,-1.0815489688106195,18.896449268052287,-6.425525254353515
2000-04-30,3.7575757575757596,2.052072874996158,4.1,5.75,0.9900000000000002,2.09242424242424,-0.46999999999999975,0.7399997711181605,1.0,2.6431415733284114,26.567308927373823,0.0
2000-05-31,3.0084235860409203,2.0523540367813675,3.9,5.88,1.0099999999999998,3.0115764139590793,-0.4499999999999993,2.090000152587894,1.0,4.227512104114539,24.659323908321998,-3.5120149363323083
2000-06-30,3.0685920577617543,0.025497191181678147,4.1,6.16,1.08,3.2014079422382453,-0.40000000000000036,-2.550001144409176,1.0,4.174928585213156,24.696666344662464,-5.029073792889616
2000-07-31,3.6702767749699383,-1.075306867376824,4.0,6.17,0.41999999999999993,2.859723225030062,-0.34999999999999964,-4.109998703002933,1.0,-3.1598491898947256,9.626052953819,-3.1598491898947256
2000-08-31,3.5992801439711952,-0.0482773685305915,4.0,6.26,0.3799999999999999,2.940719856028805,-0.2599999999999998,1.1999988555908203,1.0,-1.211016996132186,7.07896252336246,-4.6805008346788135
2000-09-30,3.229665071770338,-0.15932388720103496,4.1,6.43,0.2699999999999996,3.270334928229662,-0.4499999999999993,-3.8999996185302734,1.0,6.92515178812263,14.074798417686146,0.0
2000-10-31,3.394877903513982,-0.34255786935522003,3.9,6.77,0.5999999999999996,3.1251220964860176,-0.1800000000000006,3.729999542236328,1.0,-0.8917022924175733,21.237068978041666,-5.486265238700194
2000-11-30,3.388822829964333,-0.5803334818759609,3.9,7.79,1.5300000000000002,3.1211771700356667,-0.17000000000000082,3.059999465942383,1.0,0.2184111174334813,20.914208637849825,-5.928359883603718
2000-12-31,3.444180522565321,0.3156938299823109,4.0,9.06,2.630000000000001,3.0658194774346788,-0.1299999999999999,6.020000457763675,1.0,-12.951080518024193,12.49539347860234,-12.951080518024193
2001-01-31,3.376777251184837,-1.2868623460131179,4.0,9.16,2.3900000000000006,3.0232227488151633,0.009999999999999787,-2.7999992370605504,1.0,-8.379498426471354,13.940496440068134,-13.406042155822629
2001-02-28,3.903015966883494,0.3020224333323718,4.2,7.87,0.08000000000000007,2.0769840331165064,0.5700000000000003,-4.829999923706055,1.0,-3.856424570405792,20.725017090777275,-9.556161726836132
2001-03-31,3.6470588235294032,1.025059557097019,4.2,7.7,-1.3600000000000003,1.842941176470597,0.5099999999999998,6.329999923706055,1.0,-6.010745356591974,24.557962616219694,-18.18336940375054
2001-04-30,2.9789719626168276,1.2113845354733144,4.3,8.18,-0.9800000000000004,2.331028037383172,0.75,0.2899990081787145,1.0,-10.811495403146921,24.98197662136147,-22.768143927548845
2001-05-31,3.2710280373831946,-0.7431434813630844,4.5,8.06,0.1900000000000004,1.5289719626168052,1.0499999999999998,-3.159999847412113,1.0,-7.312070299610795,32.94316420082251,-16.16947876303617
2001-06-30,3.6193812025685945,-0.6353676823829479,4.4,7.68,-0.020000000000000462,0.5906187974314054,1.21,-2.840000152587887,1.0,1.8871365630309445,24.83879026616274,-16.639377853128767
2001-07-31,3.2501450957632017,0.4297485758880226,4.5,8.16,-0.019999999999999574,0.7198549042367985,1.17,-3.5799999237060582,1.0,5.363520847711167,20.27856095529053,-18.625797226028652
2001-08-31,2.7214823393167498,-1.3570904508932946,4.5,8.27,0.20999999999999908,1.0485176606832503,1.2800000000000002,2.5600013732910156,1.0,-3.919843597262951,3.283429652215945,-19.455504082295462
2001-09-30,2.8389339513325673,-2.8389339513325673,4.9,8.05,0.370000000000001,0.8110660486674326,1.2099999999999995,3.299999237060547,1.0,-9.111016900361669,8.787094316225124,-19.8363899530858
2001-10-31,2.6497695852534475,-1.9735251630579542,4.9,10.18,2.0199999999999996,0.4202304147465523,1.7399999999999998,7.010000228881836,1.0,-14.492721693196176,12.66044474058116,-26.03417358325093
2001-11-30,2.127659574468077,-1.6759381021104414,5.4,9.61,1.3399999999999999,0.36234042553192314,1.8599999999999999,1.6300010681152344,1.0,-12.486993218105102,17.141269603348857,-22.065547503617587
2001-12-31,1.9517795637198576,-1.7262369411025436,5.7,8.39,0.33999999999999986,0.13822043628014224,1.9400000000000004,-9.720001220703125,1.0,0.2873016542774831,27.803869631489412,-15.988419874368255
2002-01-31,1.6045845272206316,-3.6095334521073497,5.8,8.24,-1.9399999999999995,0.21541547277936846,2.0000000000000004,-0.04000091552734375,1.0,9.817252712912449,13.788811796973329,-15.514647594151453
2002-02-28,1.081388730791133,-1.081388730791133,5.6,7.89,-1.7199999999999998,0.648611269208867,1.9100000000000001,-2.7099990844726562,1.0,7.343350543379179,16.23324080705816,-9.742883666001422
2002-03-31,1.0215664018161208,-0.11761734427122583,5.5,8.19,-0.20000000000000107,0.7184335981838792,1.8199999999999998,0.5,1.0,-2.207545182237036,4.148122872977984,-11.361720127294872
2002-04-30,1.3045944412932498,1.6607023845490287,5.7,7.08,-1.1600000000000001,0.42540555870675023,1.6999999999999997,-4.190000534057617,1.0,0.47947586856142976,9.532484655498322,-8.412627666289097
2002-05-31,1.527149321266963,2.82129190443412,6.0,6.88,-1.0099999999999998,0.2228506787330371,1.87,4.510000228881836,1.0,-4.427478627075143,15.873732043827433,-13.252749835725952
2002-06-30,1.1267605633802802,2.286874086530033,5.8,7.28,-0.9099999999999993,0.6232394366197198,1.8599999999999999,-1.9300003051757812,1.0,-3.2594457308851466,15.889083242114419,-11.662458060573321
2002-07-31,1.0118043844856484,1.474655111764056,5.9,8.75,1.67,0.7381956155143516,1.9600000000000004,5.420000076293949,1.0,-13.284689135118821,12.311736663722183,-17.33956562346818
2002-08-31,1.4092446448703555,-0.514895820828376,5.9,9.71,2.830000000000001,0.3207553551296445,2.28,6.629999160766598,1.0,-15.18722240914009,14.102757527125256,-20.11960847967542
2002-09-30,1.6901408450704203,0.5569624988171373,5.7,9.61,2.329999999999999,0.04985915492957971,1.9999999999999996,0.6100006103515625,1.0,-14.100718193877038,16.645585284926316,-19.57634168986394
2002-10-31,1.4590347923681302,1.0120647013334594,5.6,10.33,1.58,0.29096520763186984,1.91,7.04999923706054,1.0,-16.979976548971866,20.236135262835823,-28.008928584343696
2002-11-30,2.083333333333348,1.0660326765427497,5.7,10.59,0.879999999999999,-0.33333333333334814,2.25,-8.549999237060536,1.0,-2.4606514362552345,32.61417148568968,-22.085186480906593
2002-12-31,2.195945945945943,0.03860471391166076,6.0,8.83,-0.7799999999999994,-0.8559459459459429,2.1399999999999997,-3.639999389648441,1.0,2.856099857313832,35.54649771503942,-17.279361699621575
2003-01-31,2.425267907501394,-0.6435745119855119,6.0,8.9,-1.4299999999999997,-1.1852679075013939,2.2199999999999998,1.1200008392333984,1.0,8.403906476042632,25.956977505835297,-21.958866271470868
2003-02-28,2.5900900900900803,-0.5895963105638558,5.7,8.29,-2.3000000000000007,-1.3500900900900803,2.2800000000000002,2.549999237060547,1.0,-2.3012656334413073,21.189116557984594,-23.878213307781373
2003-03-31,2.977528089887649,1.0488175531464305,5.8,8.38,-0.4499999999999993,-1.7175280898876488,2.1799999999999997,-1.5400009155273438,1.0,-9.217683860901726,7.749573376306578,-24.904288625870453
2003-04-30,2.9675251959686566,2.195613655906814,5.8,7.72,-1.1800000000000006,-1.7175251959686566,2.3200000000000003,-0.4799995422363246,1.0,-3.5683277392896784,4.65222138655917,-20.096763729513523
2003-05-31,2.116991643454047,0.3198947130192975,6.0,6.44,-1.8499999999999988,-0.856991643454047,2.38,-7.940000534057621,1.0,7.228185003976573,18.258055175090416,-12.818640596273067
2003-06-30,2.116991643454047,-2.116991643454047,6.1,6.79,-1.5900000000000007,-0.856991643454047,2.04,-1.7399997711181676,1.0,14.653565389050405,14.467479783360721,-0.7096789644563617
2003-07-31,2.17028380634392,-2.8212173646268823,6.4,6.13,-1.5899999999999999,-0.9502838063439201,2.2199999999999998,0.05000114440918324,1.0,15.627417840530278,12.891215964463743,0.0
2003-08-31,2.2234574763757564,-0.9076856831958358,6.2,5.67,-0.7700000000000005,-1.2134574763757564,2.6900000000000004,-0.030000686645507812,1.0,8.529009998489245,8.199339224938813,0.0
2003-09-30,2.216066481994461,0.4284190066351057,6.1,5.46,-1.33,-1.1860664819944609,2.5,-0.8600006103515625,1.0,5.009199895310923,1.79239390885387,0.0
2003-10-31,2.3230088495575174,0.7621646357675926,6.1,5.51,-0.6200000000000001,-1.3130088495575174,2.46,4.090000152587887,1.0,2.7693514420789045,6.063176309349826,-1.0905786021559893
2003-11-30,2.0408163265306145,0.37334117096423647,6.0,4.73,-0.9399999999999995,-1.0308163265306145,2.48,-6.619998931884762,1.0,6.353023423929471,11.161024703489291,0.0
2003-12-31,1.7079889807162463,-1.4910104870707652,5.9,4.48,-0.9799999999999995,-0.7079889807162463,2.28,0.2199993133544922,1.0,5.341735884176257,11.352015220356913,0.0
2004-01-31,1.8722466960352513,-1.8722466960352513,5.7,4.18,-1.33,-0.8922466960352513,2.4299999999999997,1.989999771118164,1.0,11.861758242951703,8.21889920653739,0.0
2004-02-29,1.975850713501659,-0.23486873471969538,5.6,4.05,-0.6800000000000006,-0.975850713501659,2.3200000000000003,-1.6800003051757812,1.0,8.277479161404955,7.159598835507121,0.0
2004-03-31,1.6366612111292866,2.0981767339886437,5.6,4.34,-0.14000000000000057,-0.6266612111292866,2.33,-2.0799989700317383,1.0,8.561295727086904,6.813758232546794,0.0
2004-04-30,1.7944535073409318,3.0478281916678007,5.7,4.41,0.23000000000000043,-0.7944535073409318,2.26,2.189999580383301,1.0,1.9918183473565776,6.078749203332034,-1.3245425541184686
2004-05-31,2.345881069285305,1.5859305666828138,5.6,3.91,-0.13999999999999968,-1.345881069285305,2.22,0.4500007629394531,1.0,-1.8778988470142033,6.011606166949763,-3.1915988561954323
2004-06-30,3.000545553737033,2.476156024152454,5.6,4.28,-0.05999999999999961,-2.000545553737033,2.12,-1.6900005340576172,1.0,-1.5339496032098165,6.713623725447245,-1.5339496032098165
2004-07-31,3.1590413943355156,1.625332092796894,5.6,4.1,-0.3100000000000005,-2.1290413943355153,1.92,-1.1599998474121094,1.0,1.6339953009457453,7.350553279364378,0.0
2004-08-31,2.9363784665579207,0.7379234327420825,5.5,4.02,0.10999999999999943,-1.6763784665579207,1.8199999999999998,0.9799995422363299,1.0,0.25647428016215557,10.008980813930226,-3.221847198505079
2004-09-30,2.655826558265595,-1.3785675879541381,5.4,4.06,-0.22000000000000064,-1.225826558265595,1.7199999999999998,-0.029999732971193183,1.0,-1.1911854892078688,8.97946654294756,-2.986078465093933
2004-10-31,2.540540540540537,-1.905453887620201,5.4,3.83,-0.2699999999999996,-0.9305405405405367,1.5099999999999998,-1.9499998092651367,1.0,-2.0123940500429205,7.802815625956032,-2.0123940500429205
2004-11-30,3.189189189189201,0.2347934971397736,5.5,3.63,-0.3899999999999997,-1.429189189189201,1.4899999999999998,2.9300003051757812,1.0,2.5543002306862794,1.87110686113973,-0.7498426182425688
2004-12-31,3.5752979414951147,0.280716718639229,5.4,3.17,-0.8899999999999997,-1.6452979414951148,1.3400000000000003,-3.030000686645508,1.0,6.85940006696506,6.629681680037322,0.0
2005-01-31,3.297297297297286,-0.3124274030382068,5.4,3.1,-0.73,-1.1372972972972857,1.1600000000000001,0.05000019073486328,1.0,8.98431382917062,5.486246114690826,0.0
2005-02-28,2.9601722282023735,-2.1193991327174144,5.2,3.29,-0.33999999999999986,-0.6801722282023737,0.8499999999999996,-0.4700002670288068,1.0,5.185520795361764,12.205379907716031,-2.2420638067788934
2005-03-31,3.059581320450877,-1.3754078047414797,5.4,2.83,-0.33999999999999986,-0.559581320450877,0.7700000000000005,-0.7399997711181641,1.0,2.8075753439930518,9.71864892770946,-0.19856927858387108
2005-04-30,3.205128205128216,1.2634634722334281,5.2,3.52,0.41999999999999993,-0.575128205128216,0.7000000000000002,1.9400005340576154,1.0,-2.024245941515268,8.283006418666728,-2.024245941515268
2005-05-31,3.518123667377404,2.6849343869933984,5.2,4.19,0.9000000000000004,-0.7281236673774041,0.5499999999999998,1.2899999618530273,1.0,-1.6548041193150231,7.883846582810595,-3.8597661618616774
2005-06-30,2.8072033898304927,1.6400987614918927,5.1,4.13,1.2999999999999998,0.19279661016950733,0.3999999999999999,-2.020000457763672,1.0,-0.5643026412280427,10.147823456799644,-0.7617513881282068
2005-07-31,2.48152059134108,-0.6051057401663007,5.0,3.85,0.33000000000000007,0.5584794086589202,0.2799999999999998,-1.25,1.0,1.4420347256254296,8.88800261266435,-0.6114015452985622
2005-08-31,3.063919704173257,-1.1972342480759623,5.0,3.3,-0.8900000000000006,0.1960802958267429,0.2600000000000007,-0.4700002670288068,1.0,7.334205293035434,6.826112272357896,0.0
2005-09-30,3.5374868004223847,0.6482417756723091,4.9,3.66,-0.46999999999999975,-0.037486800422384725,0.17999999999999972,1.0300006866455078,1.0,3.008698359951656,8.646420223261535,-0.9374116443750968
2005-10-31,4.638903531892469,4.741596103808488,5.1,3.54,-0.31000000000000005,-1.0189035318924686,0.16000000000000014,-0.6800003051757848,1.0,3.6782930606820585,8.34999583357163,-0.1424088102137233
2005-11-30,4.190675746464123,3.830787258971501,5.0,3.61,0.31000000000000005,-0.4106757464641233,0.16999999999999993,3.399999618530277,1.0,-2.5041617279441986,5.495402286599062,-2.5041617279441986
2005-12-31,3.451882845188292,0.06108830063769055,5.0,3.67,0.009999999999999787,0.5481171548117079,0.07000000000000028,-3.2599992752075213,1.0,2.744168190788754,11.71703432758702,0.0
2006-01-31,3.4536891679748827,-5.056060370089033,4.9,3.71,0.16999999999999993,0.7063108320251175,-0.020000000000000462,0.009999275207521308,1.0,1.731163616235798,11.955326717982832,-0.19133517626768182
2006-02-28,4.0250914793517945,-3.823833681339206,4.7,3.42,-0.18999999999999995,0.2649085206482056,-0.009999999999999787,0.8800001144409162,1.0,6.697647614394686,7.966752079816239,0.0
2006-03-31,3.6979166666666563,-1.0429677858136532,4.8,3.37,-0.2999999999999998,0.7920833333333439,-0.14000000000000057,-0.6099996566772461,1.0,2.7906614788757445,4.615252974800011,0.0
2006-04-30,3.4161490683229934,0.9008916198525618,4.7,3.13,-0.5800000000000001,1.1738509316770065,0.040000000000000036,-0.9499998092651367,1.0,4.687414887636554,3.184396761482739,0.0
2006-05-31,3.501544799176104,0.5795673142814151,4.7,3.04,-0.3799999999999999,1.288455200823896,0.20000000000000018,0.19999980926513672,1.0,3.5238058897620217,1.8913198715445545,0.0
2006-06-30,4.0185471406491535,1.7265488227644177,4.6,3.12,-0.25,0.9214528593508469,0.08000000000000007,4.850000381469727,1.0,-0.16602969088972408,8.962838069017433,-3.0120670585999987
2006-07-31,4.224626481195259,0.8751023550768844,4.6,3.35,0.2200000000000002,0.7653735188047408,-0.009999999999999787,-3.3600006103515607,1.0,-1.5308049304756932,7.745210291275124,-2.759135975666227
2006-08-31,4.151717068170169,0.298797721871491,4.8,3.45,0.41000000000000014,1.0882829318298315,0.020000000000000462,1.8699998855590803,0.9803278563452549,-2.3236747103928646,6.740526295062323,-2.3236747103928646
2006-09-30,3.87557368689444,-0.2614781740792216,4.7,3.49,0.3700000000000001,1.3744263131055598,-0.04999999999999982,-2.6399993896484375,0.9255639280510819,2.907525192806437,3.6702508880104046,-0.1921184743465698
2006-10-31,2.1158690176322326,-1.3226155890728286,4.6,3.44,0.08999999999999986,3.1341309823677674,-0.07000000000000028,-0.3300008773803711,0.8907062982992618,5.411287219808836,4.0864485647612785,0.0
2006-11-30,1.4077425842131674,-4.32796371734343,4.4,3.29,-0.16000000000000014,3.8422574157868326,-0.09999999999999964,-0.8799991607665998,0.973684276570246,8.248761496977597,1.680393851746161,0.0
2006-12-31,1.9716885743174872,-5.841570255518979,4.5,3.2,-0.29000000000000004,3.2783114256825128,-0.16000000000000014,-0.19000053405761896,0.8862712815205426,8.043515036874528,2.0313781964845035,0.0
2007-01-31,2.5796661608497917,-2.382184117775088,4.5,2.89,-0.5499999999999998,2.6603338391502085,-0.11000000000000032,0.6500005722045898,0.8698269716176046,6.60957400267701,3.1842976365025413,0.0
2007-02-28,2.086934673366825,0.8258588823485624,4.6,2.72,-0.5699999999999998,3.163065326633175,-0.11000000000000032,-1.1400003433227557,0.9196822724148395,4.906692318546746,1.1720897990280477,0.0
2007-03-31,2.4138623807132165,2.033247683602002,4.5,2.82,-0.38000000000000034,2.8461376192867833,-0.09000000000000075,5.0,1.0656530609353059,0.8433507364885795,6.770920489003923,-1.961791336705232
2007-04-30,2.6756756756756594,2.03245609466427,4.4,2.85,-0.040000000000000036,2.5843243243243403,0.07000000000000028,-0.7799997329711896,0.9695364220843681,0.6660118518208691,6.613607729588264,-0.8256062686490373
2007-05-31,2.4870646766169235,3.2354509539157528,4.5,2.74,0.020000000000000018,2.7629353233830765,0.03000000000000025,-0.4200000762939453,1.0149892958398425,3.567383284107195,11.071160948753851,0.0
2007-06-30,2.717682020802381,4.287816878587014,4.5,2.46,-0.3599999999999999,2.532317979197619,-0.019999999999999574,-1.1700000762939453,0.9688195940632607,9.223171927966135,5.789711348465086,0.0
2007-07-31,2.7108255066732534,2.5328959601622403,4.5,2.98,0.1299999999999999,2.5391744933267466,0.16000000000000014,3.179999351501465,0.9896341414482801,6.393181595455011,10.895078812346945,-1.4621235839388902
2007-08-31,2.3759842519684993,1.622432184913758,4.6,4.19,1.4500000000000002,2.8840157480315005,0.22000000000000064,7.290000915527344,1.1016393460197476,-1.3095259673134185,11.738660928323867,-4.547328758035441
2007-09-30,1.982326951399127,-1.3036111191051303,4.6,4.55,2.09,3.0376730486008725,0.3899999999999997,-0.1400012969970703,1.0418894208706604,-3.322415003463386,7.721126040025691,-3.322415003463386
2007-10-31,2.758756783423788,-1.7772259410125057,4.7,4.2,1.2200000000000002,2.1812432165762123,0.6199999999999997,-5.379999160766602,0.9661836184033045,1.9104418765760078,12.265228257004699,0.0
2007-11-30,3.5711452652454234,-1.8780345539967547,4.7,4.36,0.16999999999999993,1.1888547347545764,0.5400000000000005,0.5300006866455078,0.9492827998001192,6.6316444988050005,5.1045006834102535,0.0
2007-12-31,4.39514129895886,1.1603798047984393,4.7,5.75,1.2000000000000002,0.09485870104114014,0.9300000000000002,4.340000152587891,0.9557041599488355,1.202855400561842,13.686154166540973,-3.8732264513330894
2008-01-31,4.122287968441807,1.5001659288196079,5.0,5.92,1.7199999999999998,0.11771203155819343,0.9900000000000002,-0.37000083923339844,0.9652509873659221,-3.6662915439281574,9.062292907075955,-4.955723571741832
2008-02-29,4.608841611987025,2.4907524299188077,4.9,6.95,2.59,-0.6688416119870246,1.5,3.700000762939453,1.0392701989059794,-10.702154944753861,8.540920459030472,-10.702154944753861
2008-03-31,4.249507125832497,-0.3840052899060087,4.8,7.67,1.92,-1.2695071258324968,1.88,0.3400001525878906,1.0056840291530185,-9.504770917291005,8.753972139670768,-13.00985606731696
2008-04-30,3.9752176498688785,0.14257511651614152,5.1,8.21,2.290000000000001,-1.3652176498688786,1.83,-0.9300003051757848,0.9988300007796025,-9.292553851855711,9.09739107654614,-13.787764141944326
2008-05-31,3.7592415497162524,-1.4296900335717844,5.0,6.86,-0.08999999999999986,-1.4792415497162525,1.48,-4.819999694824215,0.9783529842601103,1.1460930741561848,13.336136978051726,-9.678718527204976
2008-06-30,3.734563882982056,1.1723222574315795,5.5,6.53,-1.1399999999999997,-1.754563882982056,1.3999999999999995,-2.960000991821289,0.8684851109286242,5.398918956377652,9.840832235961798,-8.313328696355137
2008-07-31,4.62932660840103,3.2878475922683226,5.5,7.35,-0.8600000000000012,-2.62932660840103,1.3600000000000003,6.120000839233398,1.007572583159837,-2.5383293000834306,23.673950996507752,-15.976114584986389
2008-08-31,5.361297517641872,5.210409298610984,5.7,8.0,1.1399999999999997,-3.3512975176418722,1.4700000000000002,-1.010000228881836,1.0119100333857525,-7.808141263628965,17.82408022116335,-16.73113177572074
2008-09-30,5.3634866995927455,1.7894952096543015,6.1,8.36,1.8299999999999992,-3.3634866995927455,1.4700000000000002,-2.29000091552734,0.9169626642441421,-7.777594300140967,17.87049114034516,-15.444346017656397
2008-10-31,5.051082134695517,-2.4314742029607705,6.1,10.96,3.610000000000001,-3.241082134695517,1.85,18.73999977111816,1.1925522508447077,-8.844031662077223,19.935957590245405,-23.407213614797683
2008-11-30,3.7371411612088012,-8.170968694858004,6.5,16.17,8.170000000000002,-2.7671411612088015,2.4499999999999997,20.5,1.117976474348101,-23.211810965304124,31.525187850388146,-33.482989620223144
2008-12-31,1.1849072732885269,-11.404128012746028,6.7,19.88,11.52,-0.7949072732885268,1.9300000000000002,-4.610000610351555,1.0203026664438024,-29.64399123347745,17.194279566958556,-37.40813696097452
2009-01-31,0.1562795984088039,-12.885899633010766,7.2,18.12,7.16,0.003720401591196104,1.49,-15.279998779296882,0.9263547873390217,-21.56864096333103,30.351134396436326,-34.480374920559655
2009-02-28,-0.16092905945904734,-7.952330166416166,7.6,16.26,0.08999999999999986,0.31092905945904736,1.9300000000000002,4.840000152587891,1.0053812037371719,-13.763955670313166,17.267833377772124,-39.86051449317627
2009-03-31,0.20510794040580205,-0.30457330633090196,8.1,17.38,-2.5,0.014892059594197954,2.02,1.509998321533196,1.0252156472624208,-17.27147610424745,21.37093326916779,-46.32242137962221
2009-04-30,-0.275197959690765,2.610375834023271,8.5,17.03,-1.0899999999999999,0.455197959690765,1.9,-2.209999084472649,0.9899080340569737,-11.248723080643963,35.8877928119321,-41.85049610922205
2009-05-31,-0.5015368924362495,1.441801016264399,8.9,13.45,-2.8100000000000023,0.6515368924362496,2.25,-7.6399993896484375,0.9937381011406807,6.296977027068307,39.8523733318839,-36.07354490661451
2009-06-30,-1.0486584980384128,0.8028840372943935,9.4,11.7,-5.68,1.2286584980384128,2.5500000000000003,-7.579999923706055,0.9503779095058043,26.05476796367787,7.137700355067945,-26.63046830653063
2009-07-31,-1.35416714580755,4.676168226690669,9.5,10.55,-6.48,1.56416714580755,2.42,-2.5699996948242188,0.9162030657777289,16.28449600452171,17.416199957346944,-26.678493132581295
2009-08-31,-2.149821380502881,5.57469873703238,9.4,9.22,-4.229999999999999,2.309821380502881,2.39,-0.43000030517578125,0.9126760712835293,13.667479599848242,13.724916380691385,-21.20831185138866
2009-09-30,-1.5771198830409339,6.459321151928233,9.7,9.12,-2.58,1.7371198830409338,2.4299999999999997,0.09000015258789418,0.8916695289973553,11.357107241635411,13.035411823579523,-9.803752130862142
2009-10-31,-1.3810879609529536,3.888720648155286,9.8,7.93,-2.620000000000001,1.5310879609529535,2.3600000000000003,-0.39999961853028054,0.9606151821804128,15.381076367398649,7.685700363371368,0.0
2009-11-30,-0.14997000599881183,3.771619176878138,10.2,7.6,-1.620000000000001,0.2699700059988118,2.5100000000000002,5.079999923706058,1.0557275836339906,5.30640995049334,11.087702568128408,-1.9225321085454605
2009-12-31,1.9665821834225161,1.4596115823193534,10.0,7.65,-1.4699999999999989,-1.846582183422516,2.54,-6.180000305175778,0.9340701388213997,7.811512442241297,14.288308489778279,0.0
2010-01-31,2.861128185729811,0.42242541038519654,10.0,6.39,-1.54,-2.741128185729811,2.71,-2.8299999237060582,0.907492710718517,6.108482931785986,14.006737069488578,0.0
2010-02-28,2.551207970816405,-0.3106595943675572,9.7,6.54,-1.0599999999999996,-2.441207970816405,2.81,2.940000534057617,0.9700552266877913,4.256590872576571,17.014563881525877,-3.6342603225122283
2010-03-31,2.152041951672956,-1.5227140783224513,9.7,6.71,-0.9400000000000004,-2.022041951672956,2.8,-5.120000839233398,0.900692856516723,1.2699839522278156,12.475258302043569,-0.6281227485512519
2010-04-30,2.3576257322038163,-2.011495400501029,9.7,5.84,-0.5499999999999998,-2.197625732203816,2.82,-1.9099998474121094,0.8830321327920625,5.421566365091857,17.259540795846544,0.0
2010-05-31,2.3077899666621216,-2.3224959165726866,9.9,5.61,-0.9299999999999997,-2.1077899666621214,2.7199999999999998,4.459999084472656,0.931558900126246,11.089792774948215,7.987942245336164,0.0
2010-06-30,2.04250361712921,-2.715458918440461,9.7,6.98,0.27000000000000046,-1.84250361712921,2.55,10.020000457763672,1.0021874904632568,-0.8304370381051362,24.805836440555503,-7.945488517926769
2010-07-31,1.1517352967233885,-2.613371807419629,9.5,7.13,1.29,-0.9717352967233885,2.3600000000000003,2.470001220703125,0.9804144582550516,-11.358022205420927,16.909345328660986,-12.708473880043048
2010-08-31,1.45848584177668,-1.4253903062799056,9.5,6.59,0.9799999999999995,-1.27848584177668,2.3899999999999997,-11.040000915527344,0.8658806384853205,-6.746378820167475,27.206582755431143,-6.746378820167475
2010-09-30,1.2635312030005341,0.4525553926912895,9.6,6.92,-0.0600000000000005,-1.0735312030005342,2.0,2.549999237060547,0.897038512940677,-3.254060240271406,23.361721720134007,-10.940997775440998
2010-10-31,1.1960647107618128,1.491380663128905,9.6,6.26,-0.8700000000000001,-1.0060647107618128,2.11,-2.3499984741210938,0.8977273145983047,11.161576328151202,25.053621553746396,-2.9653635641560094
2010-11-30,1.1525752709291348,1.2249835389849917,9.6,5.93,-0.6600000000000001,-0.9625752709291349,2.29,-2.5,0.9237472792233642,8.02966418408051,23.518588535639605,0.0
2010-12-31,0.8727272727272695,0.9660843529718299,9.8,6.22,-0.7000000000000002,-0.6827272727272695,2.36,2.3400001525878906,0.9344978331263064,13.117788526365315,15.566935739746473,0.0
2011-01-31,1.246201865395502,2.2421894649074847,9.4,5.41,-0.8499999999999996,-1.066201865395502,2.69,-5.790000915527344,0.8492823121519373,10.760850263509681,11.618504970502002,0.0
2011-02-28,1.5970623244955018,2.4524372945001316,9.0,5.08,-0.8499999999999996,-1.4270623244955019,2.84,1.7800006866455078,0.9692308216564626,9.171050878921072,11.75493450666095,0.0
2011-03-31,2.1503646750095307,3.674861635080795,8.9,4.78,-1.4399999999999995,-1.9903646750095307,2.73,-1.1800003051757812,0.9175000190734863,12.963354179021769,7.821706768935485,0.0
2011-04-30,2.645949781609236,3.3655403621619895,8.8,4.77,-0.6400000000000006,-2.5059497816092358,2.67,-0.6100006103515625,0.8941532073932063,5.897424906595239,6.109791156960526,0.0
2011-05-31,3.150120186231198,3.09047117514083,9.0,4.76,-0.3200000000000003,-3.0501201862311977,2.71,-2.989999771118164,0.8428571428571429,6.483254097938951,6.424217677679299,0.0
2011-06-30,3.4894855080469966,1.1493119461243761,9.1,5.09,0.3099999999999996,-3.399485508046997,2.5999999999999996,0.6999998092651367,0.8798405625940029,1.7543965060779598,7.175548270787637,-1.121480143890552
2011-07-31,3.3997298655320307,-1.9348626049459083,9.2,5.42,0.6500000000000004,-3.309729865532031,2.73,1.0700006484985352,0.8736118768411563,0.02583329459591166,8.65629831614521,-2.789516095071576
2011-08-31,3.597476068144334,-1.8177085607410381,9.1,5.58,0.8200000000000003,-3.5274760681443342,2.46,8.729999542236328,1.1021388113563089,-4.734157979063047,1.5431240932765078,-4.734157979063047
2011-09-30,3.721292688517064,-1.0907998360724536,9.1,7.3,2.21,-3.6212926885170638,2.03,6.370000839233398,0.9984212429131639,-8.950342999112804,7.327848437769732,-9.971446823458209
2011-10-31,3.9304489586577063,0.8815361697311674,9.1,8.41,2.99,-3.850448958657706,1.67,11.339998245239258,1.0417070159069355,-13.817243159680082,8.801877174138104,-16.2213250329172
2011-11-30,3.6019901406713295,-1.2065864971037898,9.0,7.07,1.4900000000000002,-3.5319901406713297,1.92,-13.0,0.9864997779574941,-2.4593856281914905,34.36032752883524,-7.077112406301578
2011-12-31,3.456143392989164,-2.65469343360476,8.6,7.79,0.4900000000000002,-3.3761433929891638,1.83,-2.1599998474121094,0.9090908864100288,2.7954847519787496,31.29694610124484,-7.454712346980907
2012-01-31,2.9488949022029365,-3.3149837436383223,8.5,7.23,-1.1799999999999997,-2.8788949022029366,1.64,-4.39999961853027,0.8711838826061741,11.618155254696138,21.33954298678802,-6.487788504914283
2012-02-29,2.914566954067177,-1.5992732925004916,8.3,6.61,-0.45999999999999996,-2.834566954067177,1.61,-3.95999908447266,0.8800362335796625,5.301092646773209,8.994816522346975,-2.1511840449026987
2012-03-31,2.772753857920529,0.2839010902605299,8.3,5.98,-1.8099999999999996,-2.672753857920529,1.68,-1.010000228881836,0.8454128876226893,10.320035538386762,6.907573859127249,0.0
2012-04-30,2.509284531746392,1.703018170893289,8.2,5.99,-1.2400000000000002,-2.379284531746392,1.9,-2.9300003051757812,0.8328855180895769,12.690906846005245,2.5967607855572767,0.0
2012-05-31,2.1137711477367427,0.8585107642214984,8.1,6.04,-0.5700000000000003,-1.9737711477367426,1.68,1.6499996185302734,0.8876811536971565,6.977589107583082,9.102687641653,-0.6675426782059235
2012-06-30,1.6561093218981693,-1.4914080093767268,8.2,6.96,0.9799999999999995,-1.4961093218981694,1.32,6.909999847412109,0.9176201409619426,-3.630025665895009,16.03890981923785,-6.633034435315022
2012-07-31,1.9232826877808584,-2.758721812069398,8.2,6.44,0.4500000000000002,-1.7632826877808585,1.3399999999999999,-6.979999542236328,0.8405511899715512,-2.8441033049062314,17.44157358194344,-2.8441033049062314
2012-08-31,1.4630143063103063,-2.253063427647417,8.3,6.16,0.1200000000000001,-1.3030143063103063,1.28,1.8500003814697266,0.9109720731309384,-1.0341403242284608,17.95658623845465,-1.6947796744176236
2012-09-30,1.6944508282213944,1.090965698543389,8.1,5.98,-0.9799999999999995,-1.5644508282213945,1.35,-1.460000991821289,0.8472356257190136,7.92683107749852,4.9852211138990095,0.0
2012-10-31,1.9647066599105534,3.01777440312625,7.8,5.74,-0.7000000000000002,-1.8247066599105533,1.42,-1.739999771118164,0.893242418912233,6.347205061437022,2.674912002762879,0.0
2012-11-30,2.1996533826065034,3.2019244668413993,7.9,5.63,-0.5300000000000002,-2.0396533826065033,1.42,2.8700008392333984,0.9632315326717175,3.191186496418008,8.68008972290277,-1.8197933435362246
2012-12-31,1.898817925194085,-0.2846321084962966,7.7,5.65,-0.33000000000000007,-1.7388179251940852,1.37,-2.7300004959106445,0.9189345376319765,1.238888263833382,7.5543953620350175,-1.264167480858891
2013-01-31,1.8663973503508346,-2.616179128064977,7.8,5.34,-0.40000000000000036,-1.7063973503508347,1.53,2.15000057220459,0.9620929470461758,-0.38201791687624276,5.130414564093561,-0.38201791687624276
2013-02-28,1.6232610272301828,-2.5743228290614706,7.9,4.95,-0.6799999999999997,-1.4832610272301827,1.75,-3.7400007247924805,0.918327945840131,6.658399775574608,8.796962708411442,0.0
2013-03-31,1.8985873319529167,1.1571347658613007,7.7,4.98,-0.6699999999999999,-1.7485873319529168,1.64,1.2300004959106445,0.9585908489705268,7.411401503386772,8.095812570057582,0.0
2013-04-30,1.4151149289823417,0.9627228391397846,7.6,4.86,-0.47999999999999954,-1.2751149289823416,1.62,-2.810000419616699,0.8674863054260484,10.502661879410692,6.76361905007634,0.0
2013-05-31,1.0070818624905664,-0.5096124242228051,7.5,4.55,-0.40000000000000036,-0.8570818624905664,1.48,0.8200006484985352,0.9147497092035316,7.1411201737806795,4.5369260089922285,0.0
2013-06-30,1.4457810236864876,-3.0496532427099377,7.6,4.62,-0.3600000000000003,-1.3357810236864875,1.86,2.779998779296875,0.9515469956585269,8.289004144919222,3.398478273675639,0.0
2013-07-31,1.892239456210798,-0.8483221677491493,7.6,5.21,0.34999999999999964,-1.802239456210798,2.16,0.5600013732910156,0.9168026737315663,2.935365952867719,6.992693609448231,-1.3344463349856395
2013-08-31,2.00898029494192,1.1962155656992879,7.4,4.71,0.16000000000000014,-1.91898029494192,2.29,-3.410000801086426,0.9014745134375396,6.214091960070189,11.296998826951404,0.0
2013-09-30,1.4880357406715339,1.4687386465624286,7.3,4.76,0.13999999999999968,-1.4080357406715338,2.3899999999999997,3.560000419616699,0.9423823239813014,0.652147216919996,14.949706186130177,-2.9992145431244177
2013-10-31,1.094575090530392,0.6388829507244731,7.2,4.83,-0.3799999999999999,-1.0145750905303919,2.31,-0.4099998474121094,0.9880953056742035,5.241858820319711,14.74472542289208,0.0
2013-11-30,0.8875905605585155,-0.04488530206090413,7.3,4.36,-0.34999999999999964,-0.7975905605585155,2.26,-2.8500003814697266,0.9016393442622951,4.70445019481176,14.025492541228651,0.0
2013-12-31,1.2388269667784835,-0.6190451014977727,7.0,4.27,-0.4900000000000002,-1.1588269667784834,2.4699999999999998,-0.05000019073486328,0.9115103162118863,11.14095683022458,3.1521469266747704,0.0
2014-01-31,1.5598820672009017,-0.4697376453124402,6.7,4.0,-0.8300000000000001,-1.4698820672009016,2.66,0.020000457763671875,0.928909941896248,10.524739569427455,3.760190560474747,0.0
2014-02-28,1.6154984039654208,0.32309346669625594,6.6,4.21,-0.15000000000000036,-1.5454984039654207,2.33,4.689999580383301,1.017689314103098,1.9098604242680173,12.622429826124334,-3.524825462929204
2014-03-31,1.0306310950723985,1.179973290907732,6.7,3.81,-0.4599999999999995,-0.9606310950723984,2.33,-4.409999847412109,0.8860759386705334,3.481476124839933,14.593817974801713,0.0
2014-04-30,1.420332271670821,0.3959693261050612,6.7,3.77,-0.22999999999999998,-1.340332271670821,2.29,-0.11999988555908203,0.9204244154286291,1.7030224748232126,14.003045678276433,0.0
2014-05-31,2.0601766853143744,0.20801647720769534,6.3,3.71,-0.5,-1.9701766853143743,2.25,-0.4700002670288086,0.9122448994155793,6.151712914441099,7.582059921522269,0.0
2014-06-30,2.265443361759223,1.0300481647550708,6.3,3.67,-0.14000000000000012,-2.175443361759223,2.11,-2.0100002288818377,0.8290908813476561,3.8866048191378733,3.1252328571799306,0.0
2014-07-31,2.038687409849582,1.4920987777598427,6.1,3.53,-0.2400000000000002,-1.938687409849582,2.0599999999999996,0.17000007629394887,0.8893158717352784,5.159029196181653,3.0274201471409063,0.0
2014-08-31,1.9677007346196929,0.8639494344371057,6.2,4.04,0.33000000000000007,-1.8777007346196928,2.05,5.380001068115233,1.034798634394202,3.0296989876868796,7.086524221905564,-1.3437547700327124
2014-09-30,1.6709060233121686,-1.08755961740028,6.1,3.84,0.16999999999999993,-1.5809060233121686,1.87,-4.8600006103515625,0.8478260840488009,4.666653983264513,9.28894528931651,0.0
2014-10-31,1.575570535206694,-1.6765028898700352,5.9,4.4,0.8700000000000006,-1.485570535206694,1.94,4.219999313354492,0.9549180057843586,1.1347649256552517,10.616165626571089,-1.3795952775424558
2014-11-30,1.6398070211455673,-2.0879630201484645,5.8,4.3,0.2599999999999998,-1.5498070211455672,1.85,-2.2799997329711914,0.8497879793137588,4.926538797488345,9.47050532870789,0.0
2014-12-31,1.3446664414866971,-2.0101488343791107,5.8,4.67,0.8300000000000001,-1.254666441486697,1.7100000000000002,-0.6999998092651349,0.8367859176609707,3.716053452929602,7.890696612173476,0.0
2015-01-31,0.6679966919883151,-3.1426640718219323,5.6,5.04,0.6399999999999997,-0.5479966919883151,1.5,5.870000839233397,0.9726444268267526,4.900206729543144,5.6504251702594095,-0.2536203536503523
2015-02-28,-0.10896723746770531,-4.7891059497341075,5.7,5.26,0.96,0.2189672374677053,1.21,1.7699985504150355,0.9610448948965222,-0.5500141529858338,9.894361250345863,-3.2089984973593166
2015-03-31,0.007228843937756579,-3.0862170575804204,5.5,4.46,-0.20999999999999996,0.10277115606224342,1.37,-7.629999160766598,0.7898164970191607,2.2311062269948723,15.199939098761947,0.0
2015-04-30,0.042437616703461245,-0.7334228344979765,5.5,4.82,-0.21999999999999975,0.06756238329653876,1.38,1.9499998092651367,0.8717217311156183,0.8812955944363932,15.957707315858805,-1.5706238448079612
2015-05-31,-0.1151303258357439,2.3580868053319826,5.4,4.59,-0.6699999999999999,0.2351303258357439,1.4699999999999998,-0.7399997711181641,0.8828883856122022,4.983906343622158,12.628320929113574,-0.6026853109078134
2015-06-30,-0.02193324700632271,3.196993671720949,5.5,4.58,0.1200000000000001,0.1419332470063227,1.5100000000000002,-0.7100000381469727,0.8998699642136506,0.6752286593632251,5.43556784978746,0.0
2015-07-31,0.03912609963272473,3.4779528272753435,5.3,5.0,0.17999999999999972,0.09087390036727527,1.71,4.3899993896484375,0.9870059675126988,0.20413037899364994,6.353082404009173,-2.031212913857461
2015-08-31,0.07986246842279776,3.557123811736873,5.3,5.36,0.7700000000000005,0.05013753157720224,1.5300000000000002,-6.109999656677246,0.8134228319365953,1.4698275945512762,7.79155620739386,0.0
2015-09-30,0.21185369880554195,1.3156070964692956,5.1,5.7,1.12,-0.07185369880554193,1.47,16.3100004196167,1.0716170210838585,-5.924295704288762,14.47126079590843,-6.095040686243946
2015-10-31,-0.028194737262920988,-0.34137264135631895,5.1,6.62,1.62,0.168194737262921,1.42,-3.9300003051757812,0.98989898989899,-6.423995820003325,14.524862539161512,-8.491111968102793
2015-11-30,0.16832041474150738,-0.2640445209156739,5.0,5.9,0.54,-0.04832041474150739,1.4100000000000001,-9.43000030517578,0.8190217395247944,-0.7073881480593736,26.38239987053555,-0.7073881480593736
2015-12-31,0.4552127982719645,-0.1522604903554603,5.0,6.4,0.7000000000000002,-0.3352127982719645,1.27,1.059999465942381,0.8723634051073412,6.1238462805777605,19.85176431033129,-0.3444453280304294
2016-01-31,0.7190375567967644,-0.24506576661829094,5.0,6.95,0.33000000000000007,-0.4790375567967644,1.21,2.0799999237060547,0.91969695889625,7.0204976081669646,18.729117655765297,-2.066732672563254
2016-02-29,1.4615833677778411,-1.3523141996480081,4.9,7.77,1.8699999999999992,-1.121583367777841,1.18,1.9900016784667969,0.8914386981007151,-6.27955857792879,9.328446039561465,-6.942525872857452
2016-03-31,1.071917546112422,-1.7488673212806005,4.9,7.75,1.3499999999999996,-0.691917546112422,0.96,0.34999847412109375,0.9178204465053009,-6.698003250033457,8.630809480279071,-7.019377618797817
2016-04-30,0.9247476032917534,-0.8019230738816274,5.0,7.05,0.09999999999999964,-0.5647476032917534,1.05,-6.59999942779541,0.8167447231602936,1.3292780678106686,20.36424663886807,-0.764927228889245
2016-05-31,1.2322973786136115,0.08958017070181956,5.0,6.21,-1.5599999999999996,-0.8622973786136116,1.06,1.75,0.8509484639589692,7.0587462362765585,13.167623584962357,-0.37383492033373766
2016-06-30,1.0036661871231978,1.8929901585480025,4.7,5.97,-1.7800000000000002,-0.6336661871231978,0.9700000000000001,-1.510000228881836,0.8532772276898406,8.969976127294244,11.581391692020741,0.0
2016-07-31,0.9003894257862077,2.5167903287583115,4.9,6.21,-0.8399999999999999,-0.5203894257862077,0.91,1.4400005340576172,0.8640132660366476,2.456871996166776,2.6618273541019253,0.0
2016-08-31,0.7261685265372853,0.8537034678282485,4.9,5.69,-0.5199999999999996,-0.33616852653728524,0.7899999999999999,-3.760000228881836,0.7697794959033443,5.776708853487311,5.7455355502446235,0.0
2016-09-30,0.9977682605461169,0.5059805612896096,4.9,5.1,-0.8700000000000001,-0.5977682605461169,0.78,1.5500001907348615,0.8314746334439768,4.131948180088418,6.838240533616979,0.0
2016-10-31,1.446334913245173,0.35795799045208465,5.0,4.97,-1.2400000000000002,-1.0463349132451731,0.8300000000000001,-0.1300001144409162,0.81185090290291,3.7772462479195967,7.171374465798971,0.0
2016-11-30,1.6051789180060672,1.8323647356814687,4.9,4.91,-0.7800000000000002,-1.2051789180060672,0.9800000000000001,3.7699995040893555,0.9557422465745462,-1.610309695071288,3.598362745804997,-1.733694241560979
2016-12-31,1.7794222022502248,1.6648697203730967,4.6,4.67,-0.4299999999999997,-1.369422202250225,1.26,-3.7299995422363263,0.8279502862029868,1.892198319006666,9.581647376341834,0.0
2017-01-31,2.1799728396826534,1.232103198843637,4.7,4.22,-0.75,-1.6399728396826534,1.2500000000000002,0.7100000381469709,0.8488512203571055,3.951719894712613,9.616517705168755,0.0
2017-02-28,2.541294460053667,1.3086081199235489,4.8,4.0,-0.9100000000000001,-1.891294460053667,1.2600000000000002,-2.0500001907348633,0.8280386844036045,7.6787144214245595,3.574879378775749,0.0
2017-03-31,2.8392096151985458,0.6857440177281182,4.7,3.74,-0.9299999999999997,-2.1792096151985456,1.14,0.9300003051757795,0.8455497579895346,7.933439760450223,4.062557923678526,0.0
2017-04-30,2.451244115669149,-1.2609384725277284,4.5,3.92,-0.2999999999999998,-1.6612441156691489,1.13,-0.5500001907348615,0.9095587896022013,5.921129459449004,6.606102753834662,0.0
2017-05-31,2.205199045585826,-2.205199045585826,4.4,3.81,-0.18999999999999995,-1.3051990455858262,1.01,-1.5500001907348615,0.8368135684028606,5.091966736625597,6.906148145081809,0.0
2017-06-30,1.8528883505283922,-2.847293172575549,4.3,3.74,0.0,-0.9428883505283921,0.9299999999999999,-0.40999984741211115,0.8242280089538163,2.5459515670550825,2.2727491192359217,0.0
2017-07-31,1.6100730638902716,-1.5477000175079025,4.4,3.77,-0.1499999999999999,-0.5700730638902716,0.9300000000000002,0.7700004577636701,0.8508371395025898,3.0708403334560153,1.3417880224088816,0.0
2017-08-31,1.7595943759694421,-1.9396838020217522,4.3,3.61,-0.20000000000000018,-0.6095943759694422,0.9599999999999997,-0.9200000762939435,0.822774659917987,4.1554805325234145,2.459349634472455,0.0
2017-09-30,1.9662512224048578,-0.009850284346213378,4.4,3.85,0.10999999999999988,-0.8062512224048579,0.79,0.3299999237060547,0.7673913047985228,3.005666759664738,3.237422203659789,0.0
2017-10-31,2.228612210687042,2.0772933181199216,4.2,3.56,-0.20999999999999996,-1.0786122106870422,0.8600000000000001,-1.0799999237060547,0.761409159580029,4.415548374467493,3.4875134472755005,0.0
2017-11-30,1.9746716116148422,2.3401433008943595,4.1,3.51,-0.10000000000000009,-0.8246716116148423,0.7799999999999998,0.6700000762939435,0.8222940396665344,4.723503366946247,3.8336971115537084,0.0
2017-12-31,2.1638305247000167,2.0845679615676405,4.1,3.61,-0.2400000000000002,-1.0038305247000168,0.6399999999999999,1.099999427795412,0.865030656899501,7.610502001858754,1.8395142672773086,0.0
2018-01-31,2.0289509200434486,0.5775980687633409,4.1,3.63,0.06999999999999984,-0.7289509200434485,0.51,-0.23999977111816406,0.8433918894699495,6.764360110945522,3.2241845154376607,0.0
2018-02-28,2.083486922402722,2.210391005079493,4.1,3.29,-0.21999999999999975,-0.673486922402722,0.5800000000000001,2.5,0.9087248529197349,10.18509471098148,7.696268359953927,0.0
2018-03-31,2.112036521909877,1.203140498331523,4.1,3.47,-0.13999999999999968,-0.692036521909877,0.6200000000000001,6.310000419616699,0.9979889889690227,3.0295193887505123,16.065129332050667,-3.636039821870063
2018-04-30,2.3425448816830174,0.09757340007212623,4.1,3.72,0.0900000000000003,-0.8325448816830174,0.4700000000000002,0.11999893188476207,0.9717761583825236,-0.9953441682699626,17.71688897935791,-6.277461511066584
2018-05-31,2.398037336478853,-1.1598067419472002,3.9,3.46,0.16999999999999993,-0.7080373364788533,0.45999999999999996,-4.039999008178709,0.918685130622581,-5.7930731573701655,7.571173485600065,-5.7930731573701655
2018-06-30,2.7431247590692376,-1.26718844632554,3.8,3.63,0.1599999999999997,-1.0431247590692376,0.43000000000000016,-0.5,0.9448867346763574,0.1380583015363479,9.05837804984704,-3.5030013751549793
2018-07-31,2.8988063497272343,-0.6431601750335414,4.0,3.71,-0.010000000000000231,-1.0788063497272342,0.33000000000000007,0.6599998474121112,0.9387398322957534,3.5524322155061627,3.7711939148453006,-2.948031860595546
2018-08-31,2.9658100045892644,-0.9135075820196237,3.9,3.46,0.0,-1.0558100045892644,0.29000000000000004,-3.260000228881834,0.8628110304268287,6.836498981181061,5.4516342643808,0.0
2018-09-30,2.781700199975523,-0.6720927602273941,3.9,3.49,-0.13999999999999968,-0.8717001999755232,0.23999999999999977,0.02999973297118963,0.8488448832003876,7.6303509632849265,5.814596059653548,0.0
2018-10-31,2.2815000020294463,-0.4561516971843371,3.7,3.28,-0.43000000000000016,-0.3315000020294463,0.23999999999999977,-0.7399997711181641,0.8205822281602132,7.651136386246482,5.776208803763662,0.0
2018-11-30,2.5089300556683902,-0.03329160360070471,3.7,3.81,0.3500000000000001,-0.3189300556683903,0.2799999999999998,9.109999656677246,1.0037825023711093,-3.367894453262865,18.173123774039883,-6.910443437009118
2018-12-31,2.1341561924456354,-0.48817255437036966,3.7,4.29,0.7999999999999998,0.06584380755436481,0.20999999999999996,-3.1599998474121094,0.9565908035299581,-4.620003356152569,16.416124089036458,-5.183722870499219
2019-01-31,1.9236740965385968,-0.745460078991611,3.9,5.33,2.0500000000000003,0.34632590346140324,0.20999999999999996,7.350000381469727,1.0712178915574624,-13.532114168904519,19.700220330684047,-13.532114168904519
2019-02-28,1.375353567774673,-1.6187759114628553,4.0,4.37,0.56,1.0246464322253268,0.17999999999999972,-8.850000381469727,0.9267338071907261,0.32381075111129753,29.465047224128245,-6.609009444696312
2019-03-31,1.3997331933867319,-1.0243185406570987,3.8,3.92,-0.3700000000000001,1.000266806613268,0.20999999999999996,-1.7899999618530273,0.9180123840234322,1.6896610422232339,30.014760967747243,-3.581649174155621
2019-04-30,1.878442408062142,0.37995338133540724,3.8,4.05,-1.2800000000000002,0.5315575919378581,0.14000000000000012,-1.0699996948242188,0.8677215109267233,13.526045975551426,11.238412681573532,-1.8364281773032287
2019-05-31,1.97789714934824,1.6887917876720504,3.6,3.73,-0.6400000000000001,0.4421028506517599,0.23999999999999977,-0.5900001525878906,0.8614576677546361,9.404378657939239,3.9844254336087017,0.0
2019-06-30,1.8440537250284494,1.4222250614472243,3.6,4.59,0.6699999999999999,0.5459462749715507,0.19000000000000017,5.589999198913574,0.9936271460584384,-0.7885318444730616,19.061438528342176,-6.377143077048386
2019-07-31,1.773121738679806,0.060337206361538165,3.7,4.07,0.020000000000000462,0.606878261320194,0.25,-3.6299991607666,0.9389788558639394,4.228633214979349,24.31301109129031,0.0
2019-08-31,1.9400205343711896,-0.03925066465888527,3.7,3.93,0.20000000000000018,0.4599794656288103,0.13000000000000012,1.040000915527342,0.9532821398399001,1.6517474087892836,23.22700204945244,0.0
2019-09-30,1.768541092572451,0.03856487852527124,3.7,4.13,-0.45999999999999996,0.36145890742754894,0.0,2.8599987030029297,0.9713407703657775,6.7578659505409755,15.122605458005921,-1.674327652306229
2019-10-31,1.7317872647761412,-0.07176095070142718,3.5,4.02,-0.05000000000000071,0.30821273522385884,0.050000000000000044,-2.739999771118164,0.9042316591852435,1.7544348155863254,6.847739595458835,0.0
2019-11-30,1.7577236608431912,-0.013140116504795074,3.6,4.15,0.2200000000000002,0.07227633915680887,0.16999999999999993,-3.0199995040893555,0.8236760682519487,2.454590906993981,7.518857523482778,0.0
2019-12-31,2.000980717822154,0.576828102554594,3.5,4.02,-0.11000000000000032,-0.4509807178221539,0.16999999999999993,-0.6000003814697266,0.8136685815167713,7.971085079572271,3.1173703964101653,0.0
2020-01-31,2.2822504382094877,1.1036729470980111,3.5,3.6,-0.4199999999999995,-0.7322504382094877,0.33999999999999986,1.1599998474121094,0.8683049673812734,8.987534548043396,2.4412658380730456,0.0
2020-02-29,2.4327886240318453,-0.0025951364555298895,3.6,4.03,-0.1200000000000001,-0.8827886240318452,0.17999999999999994,5.060000419616699,1.0112721954525654,6.58750491345188,6.72095226598453,-0.04035984380221791
2020-03-31,2.345592679949271,-0.606808353559507,3.5,5.06,1.04,-0.7655926799492709,0.2699999999999999,21.270000457763672,1.3437185962399865,-5.27931516850344,19.381963360673478,-7.953732056080886
2020-04-30,1.4971591356217617,-2.3424322939707976,4.4,8.77,5.17,-0.8471591356217617,0.47,13.430000305175781,1.1080298272696856,-19.44767605633073,21.810411665472266,-19.44767605633073
2020-05-31,0.37025706194744323,-4.8042613717108935,14.7,7.63,3.5999999999999996,-0.32025706194744324,0.44,-19.389999389648438,0.9743224613189144,-9.182198419559572,46.47955636801514,-9.218852342422046
2020-06-30,0.24024612490447517,-5.212496782240084,13.3,6.54,1.4800000000000004,-0.19024612490447518,0.49,-6.640001296997067,0.9088206082873069,3.3245980556802612,44.606609621562754,-4.893563621691099
2020-07-31,0.7477331035428136,-1.8887632297159618,11.1,6.44,-2.329999999999999,-0.6677331035428137,0.5,2.9200000762939418,0.9357318535311111,20.161751827600405,19.557425761953805,-3.2069164114433946
2020-08-31,1.0001522480002967,3.4827994522053984,10.2,5.16,-2.4699999999999998,-0.9101522480002967,0.44000000000000006,-5.970001220703125,0.8232918154903677,12.901701339454963,7.369056485891952,0.0
2020-09-30,1.3191572376121563,4.94232501762204,8.4,5.02,-1.5200000000000005,-1.2191572376121562,0.58,1.9500007629394531,0.8291993573343064,15.288889480405965,9.511435494146872,0.0
2020-10-31,1.5021961475748746,3.237387118699653,7.9,5.41,-1.0300000000000002,-1.4121961475748745,0.5599999999999999,-0.03999900817871094,0.8334387278104939,9.038319573133858,20.44507384833337,-3.7443767166024156
2020-11-30,1.1870751075713892,1.3128043358895614,6.9,5.32,0.16000000000000014,-1.0970751075713892,0.74,11.649999618530273,1.0482492411886752,0.4064434101119341,20.312942222495327,-6.144360289830331
2020-12-31,1.116943737981524,0.6444112762591825,6.7,4.33,-0.6899999999999995,-1.0269437379815238,0.6799999999999999,-17.450000762939453,0.8454582720644295,4.064982644963888,28.07687661247928,0.0
2021-01-31,1.2665328180548663,1.1625816990509463,6.7,3.86,-1.5500000000000003,-1.1765328180548662,0.8,2.1800003051757812,0.8999208616326496,12.118531666654198,23.179845766865622,0.0
2021-02-28,1.3179043350591169,1.6430634764153629,6.3,3.84,-1.4800000000000004,-1.2279043350591168,1.0,10.34000015258789,0.9766823822130626,13.813767854908644,20.750800043038655,-1.019039644371167
2021-03-31,1.586952325805835,2.056657632902792,6.2,3.57,-0.7600000000000002,-1.5069523258058348,1.2999999999999998,-5.1399993896484375,0.9442567703626379,5.502183819061912,8.672464221568902,0.0
2021-04-30,2.6516458424596934,2.0403133063429335,6.0,3.36,-0.5,-2.5816458424596935,1.58,-8.550001144409176,0.875846498990483,6.351788446447459,9.842208637075894,0.0
2021-05-31,4.27116630585147,2.9339521950990433,6.1,3.28,-0.56,-4.20116630585147,1.49,-0.789999008178718,0.8432261380916971,13.131779486216889,4.463713042008875,0.0
2021-06-30,4.997888711644927,3.4499705257966307,5.8,3.34,-0.22999999999999998,-4.937888711644927,1.44,-1.850000381469723,0.818359404467629,10.793936301692163,8.616572471029157,0.0
2021-07-31,5.352352515803949,4.328133032536053,5.9,3.04,-0.31999999999999984,-5.272352515803949,1.2,-0.9300003051757795,0.8113787666835567,8.35931595658581,8.159193866697368,0.0
2021-08-31,5.2341693626001495,3.162420028344349,5.4,3.32,0.040000000000000036,-5.13416936260015,1.05,2.4099998474121076,0.8223624670943668,5.426483811752614,3.3883047923282126,0.0
2021-09-30,5.133606232261889,1.6783453916572544,5.2,3.21,-0.1299999999999999,-5.043606232261889,1.1,-1.760000228881836,0.8070518844595082,7.85574981558077,1.3137006614618145,0.0
2021-10-31,5.353004700068009,-0.6108278460584593,4.8,3.15,0.10999999999999988,-5.273004700068009,1.24,6.659999847412113,0.9694176194420108,0.5734912482802335,14.767357768998293,-4.6605306346620745
2021-11-30,6.299433400556986,0.4142335147437448,4.6,3.15,-0.16999999999999993,-6.219433400556986,1.07,-6.879999160766605,0.7982326734893627,5.065157006624887,20.542166818141826,0.0
2021-12-31,6.925545497417729,1.9530558042682111,4.2,3.67,0.45999999999999996,-6.845545497417729,0.9099999999999999,10.930000305175781,0.9665837662725558,1.209028859881589,20.609524666315306,-0.803491038316273
2022-01-31,7.035431190908237,2.095023529394946,3.9,3.1,-0.04999999999999982,-6.955431190908237,0.79,-9.970001220703125,0.7870201084939695,11.065989717153645,13.880610871776872,0.0
2022-02-28,7.513223074312347,0.23158295729230893,4.0,3.63,0.48,-7.433223074312347,0.6100000000000001,7.610000610351559,0.9247672093458233,-1.6895897067188748,17.172157194639183,-5.2741400508428455
2022-03-31,7.987885742948242,-0.16355120662627787,3.8,3.77,0.10000000000000009,-7.907885742948242,0.3900000000000001,5.319999694824226,1.016863406625055,-3.818594645317719,17.93238917745226,-8.07014931706529
2022-04-30,8.65392967336751,2.5153591252073717,3.6,3.43,0.33000000000000007,-8.453929673367512,0.040000000000000036,-9.590000152587894,0.8405560194396731,-4.614475792365069,16.249661832003845,-4.614475792365069
2022-05-31,8.18155243748877,1.7141812494184006,3.6,3.97,0.3400000000000003,-7.85155243748877,0.18999999999999995,12.840002059936523,1.0066305370307307,-8.141643100636442,21.730946197895086,-12.986381491911947
2022-06-30,8.535808840778847,2.129886816164195,3.6,4.22,0.44999999999999973,-7.765808840778847,0.3200000000000003,-7.210000991821289,0.9356913450596774,-5.134151423940725,22.391149787026084,-12.789967054929773
2022-07-31,8.984762769345455,2.0376714155353923,3.6,5.87,2.44,-7.774762769345455,0.06000000000000005,2.519998550415039,0.9663412981886415,-16.110271563007373,17.498587932173844,-19.98134277401319
2022-08-31,8.449855838980413,1.0260875341137297,3.5,4.83,0.8599999999999999,-6.769855838980414,-0.2200000000000002,-7.379999160766605,0.8965951703593382,0.4295391155035633,30.23691016571613,-12.612623964604651
2022-09-30,8.280954683310625,-2.468700455787486,3.7,5.03,0.8100000000000005,-5.950954683310625,-0.30000000000000027,4.540000915527347,0.9707317527031208,-3.8851524044384855,31.579118594387555,-16.17820974680676
2022-10-31,8.252413018260896,-6.297347934570574,3.5,5.43,-0.4400000000000004,-5.692413018260895,-0.3899999999999997,5.75,0.9924670506427994,-4.931151467112837,32.978558774080355,-23.927183963776432
2022-11-30,7.710932192364961,-3.8760521664088943,3.7,4.63,-0.20000000000000018,-4.630932192364961,-0.41000000000000014,-5.740001678466797,0.9613669794732587,-5.872355662471973,30.90280133044641,-17.744321489504866
2022-12-31,6.981138841078605,-3.2371133701766697,3.7,4.55,-0.4800000000000004,-3.201138841078605,-0.6999999999999997,-5.29999923706055,0.8746281055310918,3.58690097479597,32.48194764658758,-13.171605135123542
2023-01-31,6.395614435815444,-4.562147582221199,3.5,4.81,-0.6200000000000001,-2.2956144358154447,-0.5300000000000002,1.0900001525878942,0.8921366512770048,7.56092579760872,25.60182233285132,-14.21693607223019
2023-02-28,6.598376209950585,-3.2366955360229044,3.4,4.3,-0.33000000000000007,-2.268376209950585,-0.69,-2.2700004577636683,0.9322441190005935,5.7317571314501325,23.40769295614766,-8.82225059619499
2023-03-31,6.146061326896146,-1.6491498349264555,3.6,4.22,-0.33000000000000007,-1.5760613268961459,-0.8899999999999997,1.3000011444091761,0.970919374260813,-2.3548674000583913,21.60032214325391,-11.114708437673837
2023-04-30,4.900802202232812,0.1513990199638604,3.5,4.58,-0.22999999999999954,-0.250802202232812,-0.5799999999999996,-2.0,0.880829070473434,7.458220107706026,15.676005929299816,0.0
2023-05-31,4.938284435483586,-1.730057860932721,3.4,4.53,0.23000000000000043,-0.10828443548358635,-0.6000000000000001,-2.9200010299682617,0.8075741552515338,2.715358188463246,10.961183665047827,0.0
2023-06-30,4.055250210996508,-1.8546433473991542,3.7,4.69,0.47000000000000064,1.0047497890034913,-0.7600000000000002,2.160000801086426,0.8876794332880955,5.850889055952346,5.706307688482461,0.0
2023-07-31,2.8825576985588963,-0.1607821997759329,3.6,4.05,-0.5300000000000002,2.1974423014411038,-1.06,-4.350000381469727,0.8483145920262352,8.680386049361587,11.076955885289964,0.0
2023-08-31,3.0741251257319524,-1.1724119049401738,3.5,3.79,-0.7400000000000002,2.0458748742680477,-0.9099999999999997,0.039999961853027344,0.8513429056579632,10.473032733288123,10.431590556638682,0.0
2023-09-30,3.602259657668627,0.3794339423315307,3.8,3.85,-0.8400000000000003,1.7277403423313729,-0.7599999999999998,-0.06000041961669744,0.8523869114191119,8.178248950990351,14.140177160821665,-1.6252075188960213
2023-10-31,3.6123345048709066,1.2664468336929025,3.8,4.03,-0.019999999999999574,1.7176654951290935,-0.4400000000000004,3.9500007629394513,0.9465154101093184,-3.224179729990473,13.999116224512548,-6.291561581504157
2023-11-30,3.2063798806959642,1.1624502453589924,3.9,4.42,0.6299999999999999,2.123620119304036,-0.1900000000000004,0.6199989318847692,0.9307336892086443,-8.325850667007517,5.768759016494289,-8.325850667007517
2023-12-31,3.2069824266211633,-1.037191370975421,3.7,3.84,-0.010000000000000231,2.123017573378837,-0.3600000000000003,-5.2199993133544975,0.8367875924497403,1.7008727290330539,25.574256415181136,0.0
2024-01-31,3.602001932159715,-1.8091497147480817,3.7,3.39,-0.6400000000000001,1.7279980678402849,-0.35000000000000053,-0.4700002670288068,0.815858428737219,11.63963349537891,19.700888826483663,0.0
2024-02-29,3.0442276466047247,-0.33060262382316186,3.7,3.59,-0.8300000000000001,2.2857723533952754,-0.27999999999999936,1.9000005722045916,0.8991228287701074,15.934441370606244,13.159818648390118,0.0
2024-03-31,3.118203999363489,1.0196190695194618,3.9,3.29,-0.5499999999999998,2.211796000636511,-0.3899999999999997,-0.9500007629394567,0.8975217243555512,11.774744757174393,6.695196514646523,0.0
2024-04-30,3.4531887822721874,0.996726850487395,3.8,3.15,-0.2400000000000002,1.8768112177278127,-0.3899999999999997,-0.3899993896484357,0.8564845680235065,10.390101585181677,6.286313540608535,0.0
2024-05-31,3.3966287906298076,1.2307049001270443,3.9,3.18,-0.4099999999999997,1.9333712093701925,-0.34999999999999964,2.6399993896484357,0.943339329390483,4.278427929290762,16.893347527306364,-4.031965128950232
2024-06-30,3.2743806339723402,-0.45321817549488497,4.0,3.2,-0.08999999999999986,2.05561936602766,-0.3799999999999999,-2.729999542236328,0.8813097005983037,4.119153727547098,16.682003769266107,0.0
2024-07-31,3.0305324166257863,-1.9771703748086011,4.1,3.21,0.06000000000000005,2.2994675833742138,-0.34999999999999964,-0.48000049591064275,0.8567492553853041,4.379081147169384,16.859470543711673,0.0
2024-08-31,3.018255418139759,-2.599985766246138,4.3,3.25,0.06999999999999984,2.311744581860241,-0.20000000000000018,3.9200010299682617,0.9640542882919922,10.081469286856027,6.709620356220164,0.0
2024-09-30,2.56375930962649,-1.4146148487599985,4.2,3.17,-0.03000000000000025,2.76624069037351,0.0,-1.3600006103515625,0.8605851828669102,7.22992992176541,4.0138720502575715,0.0
2024-10-31,2.3432342160979003,-0.23508481450320584,4.1,3.03,-0.18000000000000016,2.7867657839020996,0.1499999999999999,1.7299995422363281,0.8704474578525061,5.751346914489686,2.0562672570939307,0.0
2024-11-30,2.546981818418237,-0.07489461213181503,4.1,2.88,-0.3700000000000001,2.283018181581763,0.1200000000000001,6.430000305175781,1.022968218718302,3.553709386554238,6.235187191915841,-0.8923672550919637
2024-12-31,2.768278464651197,0.21888760641168847,4.2,2.74,-0.4299999999999997,1.8717215353488026,0.04999999999999982,-9.649999618530273,0.8308733111137778,7.223649223178463,11.906296927431397,0.0
2025-01-31,2.8606119475473424,1.0062831033167852,4.1,2.92,-0.10999999999999988,1.619388052452658,0.33000000000000007,3.8400001525878906,0.9141201685943483,2.4910267875850822,15.44918388432912,-2.4060208830796292
2025-02-28,3.0356652727771882,1.6499101219997536,4.0,2.68,-0.19999999999999973,1.2943347272228118,0.3600000000000003,-0.9200000762939453,0.8914812823178125,6.191174354501472,14.60923944244788,0.0
2025-03-31,2.803693249403638,1.4777510015606898,4.1,2.87,0.1299999999999999,1.526306750596362,0.25,3.1999988555908203,0.9727452360707787,-1.0572180214052262,9.258465642035262,-1.26948341272749
2025-04-30,2.3652435704448527,0.08707120115927225,4.2,3.55,0.6299999999999999,1.9647564295551474,0.3400000000000003,2.6500015258789062,1.0141102131533788,-4.26685252972705,14.306683905272838,-6.770650223387065
2025-05-31,2.271341317403519,-0.7141580001775782,4.2,3.94,1.2599999999999998,2.058658682596481,0.5699999999999998,2.4200000762939453,0.9671104102397583,-7.578975657431264,9.034222821422599,-7.578975657431264
2025-06-30,2.348152286694849,-1.3373855172674087,4.2,3.32,0.44999999999999973,1.981847713305151,0.52,-6.130001068115234,0.8685687756667981,-0.5077405898073595,20.681119791103484,-1.7707783199675586
2025-07-31,2.699577382454521,-0.3195370613186199,4.1,2.96,-0.5899999999999999,1.630422617545479,0.52,-1.8400001525878906,0.8605966606290189,10.777179645816304,13.306025209635377,0.0
2025-08-31,2.742286323014409,-0.46155386377373375,4.2,2.86,-1.08,1.587713676985591,0.43000000000000016,-0.010000228881835938,0.8735632103727878,14.319733983804927,7.099857485619687,0.0
2025-09-30,2.942496681215201,0.5767195940870717,4.3,2.84,-0.48,1.3875033187847992,0.6400000000000006,-1.359999656677246,0.8370571845975624,9.767193739936108,5.938096821146545,0.0
2025-10-31,3.0767177440369275,0.5395877293931539,4.4,2.8,-0.16000000000000014,1.1432822559630722,0.56,0.9200010299682617,0.8673415178267485,8.12121247140658,2.802961944554314,0.0
2025-11-30,2.825768574815979,-0.020224406281865726,4.4,2.94,0.08000000000000007,1.264231425184021,0.5100000000000002,1.1599998474121094,0.8511469364992529,8.206382827678581,2.7491360614539695,0.0
2025-12-31,2.714566064448043,-0.6364931935096463,4.6,2.92,0.08000000000000007,1.165433935551957,0.5499999999999994,-1.0900001525878906,0.8324847703451174,6.237446454347673,5.9187851861261045,0.0
2026-01-31,2.626815871067234,-0.5614859403652916,4.4,2.81,0.010000000000000231,1.0931841289327662,0.7099999999999995,-1.4000005722045898,0.8223322089279023,2.66519621443011,4.497168387698503,0.0
2026-02-28,2.3510903016741524,0.4147743294770079,4.3,2.88,-0.06000000000000005,1.2889096983258477,0.7399999999999998,2.4900007247924805,0.8689586845661565,1.7527265645403745,2.6802431694028956,0.0
