date,equity,vix,vix3m,cpi,core_cpi,unemployment,treasury_10y,treasury_2y,fed_funds,credit_spread,industrial_prod
1994-05-31,25.989246368408203,13.029999732971191,,147.7,156.2,6.0,7.17,6.01,4.01,,116.1
1994-06-30,25.393733978271484,14.970000267028809,,148.1,156.7,6.0,7.34,6.19,4.25,,116.8
1994-07-31,26.21460723876953,11.130000114440918,,148.6,157.0,6.1,7.12,5.99,4.26,,117.2
1994-08-31,27.213951110839844,11.970000267028809,,149.1,157.4,6.1,7.19,6.17,4.47,,118.5
1994-09-30,26.52666664123535,14.279999732971191,,149.4,157.7,5.9,7.62,6.62,4.73,,118.7
1994-10-31,27.28069496154785,14.5600004196167,,149.5,158.0,5.8,7.81,6.84,4.76,,119.8
1994-11-30,26.19451332092285,15.949999809265137,,149.9,158.3,5.6,7.91,7.4,5.29,,120.2
1994-12-31,26.385265350341797,13.199999809265137,,150.2,158.6,5.4,7.84,7.69,5.45,,121.4
1995-01-31,27.272018432617188,11.960000038146973,,150.6,159.1,5.7,7.6,7.26,5.53,,121.9
1995-02-28,28.384994506835938,11.75,,151.0,159.5,5.4,7.22,6.79,5.92,,122.6
1995-03-31,29.175432205200195,13.369999885559082,,151.3,160.1,5.5,7.2,6.8,5.98,,121.9
1995-04-30,30.039701461791992,11.75,,151.9,160.6,5.8,7.07,6.6,6.05,,121.1
1995-05-31,31.2314510345459,12.850000381469727,,152.3,160.9,5.7,6.3,5.89,6.01,,120.9
1995-06-30,31.863262176513672,11.380000114440918,,152.5,161.3,5.6,6.21,5.79,6.0,,121.0
1995-07-31,32.888145446777344,13.489999771118164,,152.8,161.7,5.7,6.45,5.88,5.85,,121.3
1995-08-31,33.0345573425293,11.520000457763672,,153.0,162.0,5.6,6.28,5.85,5.74,,123.0
1995-09-30,34.43444061279297,12.739999771118164,,153.2,162.4,5.6,6.17,5.83,5.8,,122.6
1995-10-31,34.333255767822266,13.829999923706055,,153.7,162.9,5.5,6.03,5.61,5.76,,122.5
1995-11-30,35.86039352416992,11.579999923706055,,153.7,163.1,5.6,5.76,5.36,5.8,,122.8
1995-12-31,36.424591064453125,12.520000457763672,,154.0,163.3,5.6,5.58,5.18,5.6,,122.8
1996-01-31,37.72050857543945,12.529999732971191,,154.7,163.8,5.8,5.6,4.93,5.56,,121.9
1996-02-29,37.840858459472656,17.040000915527344,,155.0,164.2,5.5,6.13,5.44,5.22,,123.7
1996-03-31,38.49239730834961,18.8799991607666,,155.6,164.7,5.6,6.34,5.79,5.31,,123.5
1996-04-30,38.910789489746094,15.829999923706055,,156.2,164.9,5.4,6.66,6.03,5.22,,124.5
1996-05-31,39.7940673828125,16.06999969482422,,156.7,165.3,5.6,6.85,6.27,5.24,,125.3
1996-06-30,40.145145416259766,13.680000305175781,,156.8,165.6,5.3,6.73,6.11,5.27,,125.7
1996-07-31,38.34115219116211,19.459999084472656,,157.2,166.1,5.4,6.8,6.22,5.4,,126.2
1996-08-31,39.079593658447266,17.010000228881836,,157.4,166.2,5.1,6.96,6.34,5.22,,126.9
1996-09-30,41.26303482055664,16.950000762939453,,157.8,166.7,5.2,6.72,6.1,5.3,,127.1
1996-10-31,42.59714126586914,18.110000610351562,,158.3,167.1,5.2,6.37,5.77,5.24,,126.6
1996-11-30,45.70689010620117,17.139999389648438,,158.7,167.4,5.4,6.06,5.59,5.31,,128.0
1996-12-31,44.61918640136719,20.920000076293945,,159.1,167.6,5.3,6.43,5.88,5.29,3.13,129.1
1997-01-31,47.376041412353516,19.469999313354492,,159.4,167.9,5.4,6.53,5.94,5.25,3.04,117.689
1997-02-28,47.82920455932617,21.100000381469727,,159.8,168.3,5.3,6.56,6.09,5.19,2.73,118.13
1997-03-31,45.718868255615234,22.139999389648438,,159.9,168.7,5.2,6.92,6.45,5.39,2.84,119.59
1997-04-30,48.581031799316406,20.059999465942383,,160.0,169.2,4.9,6.72,6.29,5.51,2.94,118.994
1997-05-31,51.65172576904297,19.190000534057617,,160.1,169.5,4.8,6.67,6.22,5.5,2.68,119.737
1997-06-30,53.77469253540039,21.530000686645508,,160.3,169.7,5.0,6.51,6.08,5.56,2.67,119.886
1997-07-31,58.03712844848633,21.479999542236328,,160.6,170.0,4.8,6.02,5.74,5.52,2.71,119.811
1997-08-31,55.03058624267578,24.760000228881836,,160.9,170.1,4.9,6.34,5.97,5.54,2.59,121.315
1997-09-30,57.67704772949219,22.90999984741211,,161.3,170.4,4.9,6.12,5.8,5.54,2.59,122.387
1997-10-31,56.26375961303711,35.09000015258789,,161.6,170.8,4.7,5.84,5.63,5.5,2.99,122.694
1997-11-30,58.441017150878906,27.43000030517578,,161.8,171.0,4.6,5.86,5.76,5.52,2.9,127.327
1997-12-31,59.55552673339844,24.010000228881836,,161.9,171.4,4.7,5.75,5.66,5.5,2.96,128.135
1998-01-31,60.32251739501953,21.469999313354492,,161.9,171.7,4.7,5.53,5.32,5.56,3.0,127.925
1998-02-28,64.50251770019531,18.549999237060547,,162.0,172.2,4.6,5.62,5.55,5.51,2.87,128.103
1998-03-31,67.64922332763672,24.219999313354492,,162.0,172.4,4.7,5.67,5.6,5.49,2.83,127.693
1998-04-30,68.51451110839844,21.18000030517578,,162.4,172.9,4.3,5.68,5.59,5.45,2.98,127.808
1998-05-31,67.09151458740234,21.31999969482422,,162.9,173.3,4.3,5.56,5.53,5.49,3.18,128.763
1998-06-30,69.94782257080078,19.709999084472656,,163.0,173.5,4.5,5.44,5.49,5.56,3.37,128.072
1998-07-31,69.00260162353516,24.799999237060547,,163.3,173.8,4.5,5.5,5.49,5.54,3.38,126.788
1998-08-31,59.260833740234375,44.279998779296875,,163.6,174.2,4.5,5.05,4.91,5.55,5.2,129.096
1998-09-30,63.03215408325195,40.95000076293945,,163.6,174.5,4.6,4.44,4.3,5.51,5.95,128.658
1998-10-31,68.14291381835938,28.049999237060547,,164.0,174.8,4.6,4.64,4.12,5.07,6.52,128.289
1998-11-30,71.93719482421875,26.010000228881836,,164.3,175.1,4.4,4.74,4.54,4.83,5.44,131.811
1998-12-31,76.64347839355469,24.420000076293945,,164.5,175.6,4.3,4.65,4.54,4.68,5.66,132.774
1999-01-31,79.34329223632812,26.25,,164.6,175.7,4.3,4.66,4.58,4.63,5.6,132.506
1999-02-28,76.79887390136719,27.8799991607666,,164.7,175.8,4.4,5.29,5.13,4.76,5.21,132.593
1999-03-31,79.98355102539062,23.260000228881836,,165.0,176.0,4.2,5.25,4.99,4.81,5.19,132.755
1999-04-30,83.0208969116211,25.06999969482422,,166.2,176.7,4.3,5.36,5.08,4.74,4.76,133.966
1999-05-31,81.12257385253906,25.389999389648438,,166.2,176.9,4.2,5.64,5.42,4.74,4.75,134.126
1999-06-30,85.61502838134766,21.09000015258789,,166.2,177.0,4.3,5.81,5.53,4.76,4.87,134.184
1999-07-31,82.95906829833984,24.639999389648438,,166.7,177.3,4.3,5.92,5.63,4.99,4.66,135.148
1999-08-31,82.52943420410156,24.450000762939453,,167.2,177.5,4.2,5.98,5.73,5.07,4.9,135.63
1999-09-30,80.68594360351562,25.40999984741211,,167.9,178.1,4.2,5.9,5.63,5.22,5.07,135.043
1999-10-31,85.85615539550781,22.200000762939453,,168.2,178.4,4.1,6.02,5.79,5.2,5.13,136.133
1999-11-30,87.28575134277344,24.18000030517578,,168.4,178.8,4.1,6.18,6.01,5.42,4.91,139.542
1999-12-31,92.27062225341797,24.639999389648438,,168.8,179.0,4.1,6.45,6.24,5.3,4.76,140.492
2000-01-31,87.67668151855469,24.950000762939453,,169.1,179.2,4.0,6.68,6.61,5.45,4.87,141.485
2000-02-29,86.34172058105469,23.3700008392334,,170.0,179.5,4.1,6.42,6.53,5.73,5.08,142.075
2000-03-31,94.7094497680664,24.110000610351562,,171.2,180.3,4.1,6.03,6.5,5.85,5.75,142.017
2000-04-30,91.3832015991211,26.200000762939453,,171.2,180.6,3.9,6.23,6.68,6.02,5.88,143.683
2000-05-31,89.94644165039062,23.649999618530273,,171.3,180.9,4.1,6.29,6.69,6.27,6.16,144.159
2000-06-30,91.7167739868164,19.540000915527344,,172.3,181.2,4.0,6.03,6.38,6.53,6.17,144.602
2000-07-31,90.276611328125,20.739999771118164,,172.7,181.6,4.0,6.04,6.3,6.54,6.26,145.319
2000-08-31,96.17537689208984,16.84000015258789,,172.6,182.0,4.1,5.73,6.18,6.5,6.43,145.681
2000-09-30,90.89897155761719,20.56999969482422,,173.6,182.6,3.9,5.8,5.98,6.52,6.77,145.96
2000-10-31,90.4737319946289,23.6299991607666,,173.9,182.9,3.9,5.77,5.94,6.51,7.79,146.316
2000-11-30,83.71963500976562,29.649999618530273,,174.2,183.4,4.0,5.48,5.61,6.51,9.06,148.602
2000-12-31,83.28206634521484,26.850000381469727,,174.5,183.5,4.0,5.12,5.11,6.4,9.16,147.306
2001-01-31,86.98470306396484,22.020000457763672,,175.7,184.1,4.2,5.19,4.62,5.98,7.87,146.997
2001-02-28,78.68745422363281,28.350000381469727,,176.2,184.7,4.2,4.92,4.41,5.49,7.7,146.001
2001-03-31,74.27803802490234,28.639999389648438,,176.3,185.1,4.3,4.93,4.18,5.31,8.18,146.466
2001-04-30,80.6243667602539,25.479999542236328,,176.8,185.5,4.5,5.35,4.3,4.8,8.06,144.866
2001-05-31,80.17236328125,22.639999389648438,,177.5,185.7,4.4,5.43,4.22,4.21,7.68,143.12
2001-06-30,78.26197814941406,19.059999465942383,,177.9,186.3,4.5,5.42,4.25,3.97,8.16,142.501
2001-07-31,77.46401977539062,21.6200008392334,,177.4,186.6,4.5,5.07,3.79,3.77,8.27,142.849
2001-08-31,72.86785888671875,24.920000076293945,,177.5,187.0,4.9,4.85,3.64,3.65,8.05,141.499
2001-09-30,66.91963195800781,31.93000030517578,,178.2,187.4,4.9,4.6,2.86,3.07,10.18,140.3
2001-10-31,67.79105377197266,33.560001373291016,,177.6,187.7,5.4,4.3,2.44,2.49,9.61,139.307
2001-11-30,73.07722473144531,23.84000015258789,,177.6,188.4,5.7,4.78,2.84,2.09,8.39,137.139
2001-12-31,73.4892807006836,23.799999237060547,,177.3,188.6,5.8,5.07,3.07,1.82,8.24,136.737
2002-01-31,72.76918029785156,21.09000015258789,,177.6,188.6,5.6,5.07,3.16,1.73,7.89,136.518
2002-02-28,71.46399688720703,21.59000015258789,,178.0,189.1,5.5,4.88,3.06,1.74,8.19,137.634
2002-03-31,73.8416748046875,17.399999618530273,,178.6,189.3,5.7,5.42,3.72,1.73,7.08,138.845
2002-04-30,69.54735565185547,21.90999984741211,,179.5,189.8,6.0,5.11,3.24,1.75,6.88,139.151
2002-05-31,69.13470458984375,19.979999542236328,,179.5,190.1,5.8,5.08,3.22,1.75,7.28,139.334
2002-06-30,64.03201293945312,25.399999618530273,,179.7,190.2,5.9,4.86,2.9,1.75,8.75,140.57
2002-07-31,58.98504638671875,32.029998779296875,,179.9,190.5,5.9,4.51,2.23,1.73,9.71,140.687
2002-08-31,59.386192321777344,32.63999938964844,,180.5,191.1,5.7,4.14,2.14,1.74,9.61,140.542
2002-09-30,53.15943145751953,39.689998626708984,,180.8,191.3,5.6,3.63,1.72,1.75,10.33,140.493
2002-10-31,57.533592224121094,31.139999389648438,,181.3,191.6,5.7,3.93,1.68,1.75,10.59,139.293
2002-11-30,61.08236312866211,27.5,,181.5,191.9,6.0,4.22,2.08,1.34,8.83,110.796
2002-12-31,57.626930236816406,28.6200008392334,,181.6,192.0,6.0,3.83,1.61,1.24,8.9,110.602
2003-01-31,56.209537506103516,31.170000076293945,,182.2,192.3,5.7,4.0,1.72,1.24,8.29,111.129
2003-02-28,55.45193862915039,29.6299991607666,,183.3,192.5,5.8,3.71,1.53,1.26,8.38,111.108
2003-03-31,55.570587158203125,29.149999618530273,,183.9,192.5,5.8,3.83,1.51,1.25,7.72,110.14
2003-04-30,60.27253341674805,21.209999084472656,,183.3,192.5,6.0,3.89,1.51,1.26,6.44,109.656
2003-05-31,63.57765579223633,19.469999313354492,,183.3,193.0,6.1,3.37,1.33,1.26,6.79,109.583
2003-06-30,64.25483703613281,19.520000457763672,,183.6,193.0,6.4,3.54,1.32,1.22,6.13,109.678
2003-07-31,65.4132080078125,19.489999771118164,,183.9,193.4,6.2,4.49,1.8,1.01,5.67,110.037
2003-08-31,66.76239776611328,18.6299991607666,,184.5,193.6,6.1,4.45,1.95,1.03,5.46,110.213
2003-09-30,66.03426361083984,22.719999313354492,,185.0,193.7,6.1,3.96,1.5,1.01,5.51,110.602
2003-10-31,69.56888580322266,16.100000381469727,,185.0,194.1,6.0,4.33,1.85,1.01,4.73,111.751
2003-11-30,70.32866668701172,16.31999969482422,,184.6,194.0,5.9,4.34,2.06,1.0,4.48,112.946
2003-12-31,73.86707305908203,18.309999465942383,,185.0,194.2,5.7,4.27,1.84,0.98,4.18,113.187
2004-01-31,75.32743072509766,16.6299991607666,,185.8,194.4,5.6,4.16,1.84,1.0,4.05,113.795
2004-02-29,76.34969329833984,14.550000190734863,,186.3,194.8,5.6,3.99,1.66,1.01,4.34,114.59
2004-03-31,75.33838653564453,16.739999771118164,,187.2,195.5,5.7,3.86,1.6,1.0,4.41,114.523
2004-04-30,73.91287994384766,17.190000534057617,,187.6,196.0,5.6,4.53,2.31,1.0,3.91,115.423
2004-05-31,75.17847442626953,15.5,,188.8,196.4,5.6,4.66,2.54,1.0,4.28,116.947
2004-06-30,76.56940460205078,14.34000015258789,,189.4,196.6,5.6,4.62,2.7,1.03,4.1,116.19
2004-07-31,74.10245513916016,15.319999694824219,,189.3,196.8,5.5,4.5,2.68,1.26,4.02,116.213
2004-08-31,74.282958984375,15.289999961853027,,189.4,196.9,5.4,4.13,2.41,1.43,4.06,116.62
2004-09-30,75.02851104736328,13.34000015258789,,189.7,197.5,5.4,4.14,2.63,1.61,3.83,116.666
2004-10-31,75.99528503417969,16.270000457763672,,190.9,197.9,5.5,4.05,2.56,1.76,3.63,117.592
2004-11-30,79.37837219238281,13.239999771118164,,191.2,198.2,5.4,4.36,3.02,1.93,3.17,117.6
2004-12-31,81.76934051513672,13.289999961853027,,191.1,198.5,5.4,4.24,3.08,2.16,3.1,117.813
2005-01-31,79.93600463867188,12.819999694824219,,191.3,198.9,5.2,4.14,3.29,2.28,3.29,117.667
2005-02-28,81.60696411132812,12.079999923706055,,192.0,199.4,5.4,4.36,3.59,2.5,2.83,118.393
2005-03-31,80.11415100097656,14.020000457763672,,193.2,200.1,5.2,4.5,3.8,2.63,3.52,118.527
2005-04-30,78.61320495605469,15.3100004196167,,194.2,200.2,5.2,4.21,3.66,2.79,4.19,118.277
2005-05-31,81.146484375,13.289999961853027,,194.1,200.5,5.1,4.0,3.6,3.0,4.13,118.641
2005-06-30,81.2694091796875,12.039999961853027,,194.1,200.7,5.0,3.94,3.66,3.04,3.85,119.657
2005-07-31,84.37889099121094,11.569999694824219,,195.1,201.0,5.0,4.28,4.02,3.26,3.3,119.444
2005-08-31,83.58789825439453,12.600000381469727,,196.1,201.2,4.9,4.02,3.84,3.5,3.66,119.678
2005-09-30,84.25872039794922,11.920000076293945,,198.5,201.4,5.1,4.34,4.18,3.62,3.54,118.016
2005-10-31,82.26593780517578,15.319999694824219,,198.9,201.9,5.0,4.57,4.4,3.78,3.61,107.877
2005-11-30,85.88172149658203,12.0600004196167,,197.8,202.4,5.0,4.49,4.42,4.0,3.67,108.96
2005-12-31,85.71736907958984,12.069999694824219,,197.7,202.8,4.9,4.39,4.41,4.16,3.71,109.762
2006-01-31,87.77578735351562,12.949999809265137,,199.0,203.2,4.7,4.53,4.54,4.29,3.42,110.269
2006-02-28,88.2783432006836,12.34000015258789,,199.1,203.5,4.8,4.55,4.69,4.49,3.37,110.878
2006-03-31,89.7353286743164,11.390000343322754,,199.8,204.2,4.7,4.86,4.82,4.59,3.13,111.2088
2006-04-30,90.86883544921875,11.59000015258789,,201.0,204.8,4.7,5.07,4.87,4.79,3.04,112.2624
2006-05-31,88.13179779052734,16.440000534057617,,201.9,205.4,4.6,5.12,5.04,4.94,3.12,112.0991
2006-06-30,88.36165618896484,13.079999923706055,,202.3,206.0,4.6,5.15,5.16,4.99,3.35,113.2096
2006-07-31,88.75737762451172,14.949999809265137,15.25,203.2,206.4,4.8,4.99,4.97,5.24,3.45,113.5293
2006-08-31,90.69426727294922,12.3100004196167,13.300000190734863,203.7,206.9,4.7,4.74,4.79,5.25,3.49,113.7063
2006-09-30,93.14312744140625,11.979999542236328,13.449999809265137,202.7,207.4,4.6,4.64,4.71,5.25,3.44,113.1336
2006-10-31,96.07870483398438,11.100000381469727,11.399999618530273,201.7,207.6,4.4,4.61,4.71,5.25,3.29,113.6615
2006-11-30,97.9892578125,10.90999984741211,12.3100004196167,201.7,207.7,4.5,4.46,4.62,5.25,3.2,112.3227
2006-12-31,99.29949951171875,11.5600004196167,13.289999961853027,202.8,208.1,4.5,4.71,4.82,5.24,2.89,112.4425
2007-01-31,100.79296112060547,10.420000076293945,11.329999923706055,203.153,208.632,4.6,4.83,4.94,5.25,2.72,111.9282
2007-02-28,98.815673828125,15.420000076293945,14.470000267028809,203.906,209.135,4.5,4.56,4.65,5.26,2.82,113.1433
2007-03-31,99.9608383178711,14.640000343322754,15.100000381469727,205.146,209.263,4.4,4.65,4.58,5.26,2.85,112.4866
2007-04-30,104.388671875,14.220000267028809,14.010000228881836,205.999,209.634,4.5,4.63,4.6,5.25,2.74,113.0344
2007-05-31,107.92958068847656,13.050000190734863,13.470000267028809,207.387,209.948,4.5,4.9,4.92,5.25,2.46,112.6889
2007-06-30,106.35157775878906,16.229999542236328,16.399999618530273,207.784,210.436,4.5,5.03,4.87,5.25,2.98,113.3704
2007-07-31,103.02169799804688,23.520000457763672,21.350000381469727,208.028,210.933,4.6,4.78,4.56,5.26,4.19,113.8604
2007-08-31,104.34370422363281,23.3799991607666,22.440000534057617,207.738,211.25,4.6,4.54,4.15,5.02,4.55,114.4254
2007-09-30,108.38333892822266,18.0,18.6299991607666,208.292,211.714,4.7,4.59,3.97,4.94,4.2,114.357
2007-10-31,109.85372924804688,18.530000686645508,19.520000457763672,208.903,212.05,4.7,4.48,3.94,4.76,4.36,113.9957
2007-11-30,105.59883117675781,22.8700008392334,23.93000030517578,210.565,212.633,4.7,3.97,3.04,4.49,5.75,113.9019
2007-12-31,104.40966796875,22.5,23.309999465942383,211.16,213.148,5.0,4.04,3.05,4.24,5.92,113.9673
2008-01-31,98.0969467163086,26.200000762939453,25.209999084472656,212.516,213.765,4.9,3.67,2.17,3.94,6.95,114.2334
2008-02-29,95.56183624267578,26.540000915527344,26.389999389648438,212.571,213.851,4.8,3.53,1.65,2.98,7.67,113.6597
2008-03-31,94.70734405517578,25.610000610351562,25.639999389648438,213.301,214.176,5.1,3.45,1.62,2.61,8.21,112.1281
2008-04-30,99.22128295898438,20.790000915527344,21.25,213.743,214.398,5.0,3.77,2.29,2.28,6.86,111.1807
2008-05-31,100.7212142944336,17.829999923706055,20.530000686645508,215.132,214.832,5.5,4.06,2.66,1.98,6.53,110.9051
2008-06-30,92.3033218383789,23.950000762939453,23.770000457763672,217.403,215.526,5.5,3.99,2.63,2.0,7.35,111.7251
2008-07-31,91.47393035888672,22.940000534057617,22.670000076293945,219.181,216.23,5.7,3.99,2.52,2.01,8.0,111.8419
2008-08-31,92.88751983642578,20.649999618530273,22.520000457763672,218.88,216.65,6.1,3.83,2.36,2.0,8.36,110.3034
2008-09-30,84.14000701904297,39.38999938964844,33.029998779296875,218.813,216.956,6.1,3.85,2.0,1.81,10.96,107.254
2008-10-31,70.24115753173828,59.88999938964844,53.56999969482422,216.71,216.801,6.5,4.01,1.56,0.97,16.17,107.2854
2008-11-30,65.3519515991211,55.279998779296875,54.18000030517578,213.06,216.849,6.7,2.93,1.0,0.39,19.88,106.1173
2008-12-31,65.99215698242188,40.0,43.18000030517578,211.49,216.816,7.2,2.25,0.76,0.16,18.12,103.5966
2009-01-31,60.5732421875,44.84000015258789,44.599998474121094,212.174,217.265,7.6,2.87,0.94,0.15,16.26,101.337
2009-02-28,54.064701080322266,46.349998474121094,45.209999084472656,213.007,217.67,8.1,3.02,1.0,0.22,17.38,99.7298
2009-03-31,58.56885528564453,44.13999938964844,44.59000015258789,212.714,218.042,8.5,2.71,0.81,0.18,17.03,97.3755
2009-04-30,64.38748168945312,36.5,36.72999954223633,212.671,218.594,8.9,3.16,0.91,0.15,13.45,97.0723
2009-05-31,68.15117645263672,28.920000076293945,30.43000030517578,212.876,218.91,9.4,3.47,0.92,0.18,11.7,95.8402
2009-06-30,68.10649108886719,26.350000381469727,28.760000228881836,214.459,219.344,9.5,3.53,1.11,0.21,10.55,95.3964
2009-07-31,73.18766021728516,25.920000076293945,28.399999618530273,214.469,219.543,9.4,3.52,1.13,0.16,9.22,95.9709
2009-08-31,75.89116668701172,26.010000228881836,29.170000076293945,215.428,219.692,9.7,3.4,0.97,0.16,9.12,97.4422
2009-09-30,78.58203887939453,25.610000610351562,26.65999984741211,215.791,220.053,9.8,3.31,0.95,0.15,7.93,98.4622
2009-10-31,77.07128143310547,30.690000534057617,29.06999969482422,216.385,220.453,10.2,3.41,0.9,0.12,7.6,98.6271
2009-11-30,81.81938934326172,24.510000228881836,26.239999771118164,217.25,220.527,10.0,3.21,0.67,0.12,7.65,99.4398
2009-12-31,83.38221740722656,21.68000030517578,23.889999389648438,217.541,220.774,10.0,3.85,1.14,0.12,6.39,100.3043
2010-01-31,80.35191345214844,24.6200008392334,25.3799991607666,217.587,220.463,9.7,3.63,0.82,0.11,6.54,101.0516
2010-02-28,82.85846710205078,19.5,21.649999618530273,217.591,220.579,9.7,3.61,0.81,0.13,6.71,100.9862
2010-03-31,87.90287780761719,17.59000015258789,19.920000076293945,217.729,220.664,9.7,3.84,1.02,0.16,5.84,101.61
2010-04-30,89.26272583007812,22.049999237060547,23.670000076293945,217.579,220.768,9.9,3.69,0.97,0.2,5.61,102.2666
2010-05-31,82.17041778564453,32.06999969482422,32.0,217.224,221.037,9.7,3.31,0.76,0.2,6.98,103.538
2010-06-30,77.9188232421875,34.540000915527344,35.22999954223633,216.929,221.388,9.5,2.97,0.61,0.18,7.13,92.5354
2010-07-31,83.24070739746094,23.5,27.139999389648438,217.597,221.676,9.5,2.94,0.55,0.18,6.59,93.4009
2010-08-31,79.49652862548828,26.049999237060547,29.040000915527344,218.15,221.779,9.6,2.47,0.47,0.19,6.92,93.2093
2010-09-30,86.61580657958984,23.700000762939453,26.399999618530273,218.372,221.781,9.6,2.53,0.42,0.19,6.26,93.1902
2010-10-31,89.92469024658203,21.200000762939453,22.950000762939453,218.879,221.765,9.6,2.63,0.34,0.19,5.93,93.3753
2010-11-30,89.92469024658203,23.540000915527344,25.190000534057617,219.146,221.982,9.8,2.81,0.45,0.19,6.22,93.8961
2010-12-31,95.93638610839844,17.75,20.899999618530273,220.252,222.187,9.4,3.3,0.61,0.18,5.41,94.8756
2011-01-31,98.17171478271484,19.530000686645508,20.149999618530273,221.062,222.587,9.0,3.42,0.58,0.17,5.08,95.1452
2011-02-28,101.58191680908203,18.350000381469727,20.0,222.27,223.029,8.9,3.42,0.69,0.16,4.78,95.485
2011-03-31,101.5941390991211,17.739999771118164,19.84000015258789,223.49,223.331,8.8,3.47,0.8,0.14,4.77,93.5904
2011-04-30,104.53644561767578,14.75,17.5,224.433,223.745,9.0,3.32,0.61,0.1,4.76,93.097
2011-05-31,103.3641357421875,15.449999809265137,17.559999465942383,224.804,224.387,9.1,3.05,0.45,0.09,5.09,92.9815
2011-06-30,101.62041473388672,16.520000457763672,18.90999984741211,224.304,224.958,9.2,3.18,0.45,0.09,5.42,93.07
2011-07-31,99.5875473022461,25.25,22.90999984741211,225.425,225.463,9.1,2.82,0.36,0.07,5.58,94.1525
2011-08-31,94.11265563964844,31.6200008392334,31.670000076293945,226.268,226.014,9.1,2.23,0.2,0.1,7.3,94.0419
2011-09-30,87.57926177978516,42.959999084472656,41.2400016784668,226.955,226.137,9.1,1.92,0.25,0.08,8.41,94.1851
2011-10-31,97.13829803466797,29.959999084472656,30.3700008392334,226.763,226.444,9.0,2.17,0.25,0.07,7.07,94.7136
2011-11-30,96.74354553222656,27.799999237060547,30.579999923706055,226.72,226.836,8.6,2.08,0.25,0.08,7.79,94.8263
2011-12-31,97.75436401367188,23.399999618530273,26.860000610351562,226.747,227.166,8.5,1.89,0.25,0.07,7.23,95.2915
2012-01-31,102.28766632080078,19.440000534057617,22.09000015258789,227.505,227.684,8.3,1.83,0.22,0.08,6.61,95.9054
2012-02-29,106.7275161743164,18.43000030517578,21.799999237060547,228.433,227.907,8.3,1.98,0.3,0.1,5.98,96.1735
2012-03-31,110.1602783203125,15.5,18.610000610351562,229.098,228.432,8.2,2.23,0.33,0.13,5.99,96.5685
2012-04-30,109.42488098144531,17.149999618530273,19.31999969482422,229.177,228.984,8.1,1.95,0.27,0.14,6.04,97.4133
2012-05-31,102.853271484375,24.059999465942383,26.219999313354492,228.527,229.446,8.2,1.59,0.27,0.16,6.96,97.2853
2012-06-30,107.0271987915039,17.079999923706055,20.31999969482422,228.618,229.916,8.2,1.67,0.33,0.16,6.44,97.4298
2012-07-31,108.29325103759766,18.93000030517578,20.780000686645508,228.723,230.124,8.3,1.51,0.23,0.16,6.16,98.0398
2012-08-31,111.00628662109375,17.469999313354492,20.6200008392334,230.102,230.244,8.1,1.57,0.22,0.13,5.98,96.8202
2012-09-30,113.8204116821289,15.729999542236328,17.610000610351562,231.414,230.58,7.8,1.65,0.23,0.14,5.74,97.0328
2012-10-31,111.74908447265625,18.600000381469727,19.309999465942383,231.751,230.994,7.9,1.72,0.3,0.16,5.63,96.5879
2012-11-30,112.38156127929688,15.869999885559082,17.270000457763672,231.025,231.254,7.7,1.62,0.25,0.16,5.65,97.509
2012-12-31,113.38560485839844,18.020000457763672,18.729999542236328,230.979,231.475,7.8,1.78,0.25,0.16,5.34,98.093
2013-01-31,119.1898422241211,14.279999732971191,15.550000190734863,231.198,232.108,7.9,2.02,0.27,0.14,4.95,98.6212
2013-02-28,120.71061706542969,15.510000228881836,16.18000030517578,232.77,232.512,7.7,1.89,0.25,0.15,4.98,99.4965
2013-03-31,125.2940902709961,12.699999809265137,14.640000343322754,232.34,232.758,7.6,1.87,0.25,0.14,4.86,99.4765
2013-04-30,127.70126342773438,13.520000457763672,14.779999732971191,231.485,232.879,7.5,1.7,0.22,0.15,4.55,98.7439
2013-05-31,130.7162628173828,16.299999237060547,17.1299991607666,231.831,233.267,7.6,2.16,0.3,0.11,4.62,98.6709
2013-06-30,128.9720001220703,16.860000610351562,18.389999389648438,232.944,233.643,7.6,2.52,0.36,0.09,5.21,99.0549
2013-07-31,135.6367950439453,13.449999809265137,14.920000076293945,233.318,234.004,7.4,2.6,0.31,0.09,4.71,98.9462
2013-08-31,131.5687713623047,17.010000228881836,18.049999237060547,233.526,234.302,7.3,2.78,0.39,0.08,4.76,99.3579
2013-09-30,135.7324676513672,16.600000381469727,16.799999237060547,233.947,234.589,7.2,2.64,0.33,0.08,4.83,100.0439
2013-10-31,142.01779174804688,13.75,15.25,233.808,234.877,7.3,2.57,0.31,0.09,4.36,99.9778
2013-11-30,146.22682189941406,13.699999809265137,15.029999732971191,233.887,235.24,7.0,2.75,0.28,0.08,4.27,101.2825
2013-12-31,150.0179901123047,13.720000267028809,14.770000457763672,234.582,235.496,6.7,3.04,0.38,0.09,4.0,101.7629
2014-01-31,144.73011779785156,18.40999984741211,18.09000015258789,234.933,235.843,6.6,2.67,0.34,0.07,4.21,101.0251
2014-02-28,151.31759643554688,14.0,15.800000190734863,235.169,236.122,6.7,2.66,0.33,0.07,3.81,101.6276
2014-03-31,152.5728302001953,13.880000114440918,15.079999923706055,235.64,236.604,6.7,2.73,0.44,0.08,3.77,103.2374
2014-04-30,153.6334686279297,13.40999984741211,14.699999809265137,236.254,237.163,6.3,2.67,0.42,0.09,3.71,102.7435
2014-05-31,157.19876098632812,11.399999618530273,13.75,237.083,237.776,6.3,2.48,0.37,0.09,3.67,103.6585
2014-06-30,160.4441375732422,11.569999694824219,13.010000228881836,237.693,238.083,6.1,2.53,0.47,0.1,3.53,103.9152
2014-07-31,158.28814697265625,16.950000762939453,16.3799991607666,237.909,238.311,6.2,2.58,0.53,0.09,4.04,104.3882
2014-08-31,164.5347137451172,12.09000015258789,14.260000228881836,237.428,238.345,6.1,2.35,0.48,0.09,3.84,104.1152
2014-09-30,162.26473999023438,16.309999465942383,17.079999923706055,237.633,238.677,5.9,2.52,0.58,0.09,4.4,105.0728
2014-10-31,166.08624267578125,14.029999732971191,16.510000228881836,237.642,239.162,5.8,2.35,0.5,0.09,4.3,104.8568
2014-11-30,170.64895629882812,13.329999923706055,15.930000305175781,237.032,239.332,5.8,2.18,0.47,0.09,4.67,106.6617
2014-12-31,170.2161407470703,19.200000762939453,19.739999771118164,236.149,239.339,5.6,2.17,0.67,0.12,5.04,106.5114
2015-01-31,165.17269897460938,20.969999313354492,21.81999969482422,234.677,239.871,5.7,1.68,0.47,0.11,5.26,106.1878
2015-02-28,174.4561767578125,13.34000015258789,16.889999389648438,235.186,240.247,5.5,2.0,0.63,0.11,4.46,105.8028
2015-03-31,171.7162628173828,15.289999961853027,17.540000915527344,235.74,240.793,5.5,1.94,0.56,0.11,4.82,105.2161
2015-04-30,173.40487670898438,14.550000190734863,16.479999542236328,235.982,241.409,5.4,2.05,0.58,0.12,4.59,105.1786
2015-05-31,175.63421630859375,13.84000015258789,15.380000114440918,237.031,241.76,5.5,2.12,0.61,0.12,4.58,105.1018
2015-06-30,172.0666961669922,18.229999542236328,18.469999313354492,237.786,242.193,5.3,2.35,0.64,0.13,5.0,105.7065
2015-07-31,175.9535675048828,12.119999885559082,14.899999618530273,238.099,242.513,5.3,2.2,0.67,0.13,5.36,107.477
2015-08-31,165.22915649414062,28.43000030517578,26.530000686645508,237.931,242.693,5.1,2.21,0.74,0.14,5.7,107.0793
2015-09-30,161.01315307617188,24.5,24.75,237.566,243.206,5.1,2.06,0.64,0.14,6.62,107.0917
2015-10-31,174.70892333984375,15.069999694824219,18.399999618530273,238.042,243.698,5.0,2.16,0.75,0.12,5.9,107.2123
2015-11-30,175.34750366210938,16.1299991607666,18.489999771118164,238.111,244.135,5.0,2.21,0.94,0.12,6.4,106.5339
2015-12-31,172.31704711914062,18.209999084472656,19.799999237060547,237.847,244.446,5.0,2.27,1.06,0.24,6.95,106.0222
2016-01-31,163.7379608154297,20.200000762939453,22.65999984741211,238.107,245.232,4.9,1.94,0.76,0.34,7.77,106.8477
2016-02-29,163.60275268554688,20.549999237060547,22.389999389648438,237.707,245.925,4.9,1.74,0.78,0.38,7.75,106.3275
2016-03-31,174.60760498046875,13.949999809265137,17.079999923706055,237.92,246.095,5.0,1.78,0.73,0.36,7.05,103.3759
2016-04-30,175.2958221435547,15.699999809265137,18.450000762939453,238.89,246.574,5.0,1.83,0.77,0.37,6.21,104.147
2016-05-31,178.27781677246094,14.1899995803833,16.6299991607666,239.41,247.074,4.7,1.84,0.87,0.37,5.97,103.5527
2016-06-30,178.89752197265625,15.630000114440918,18.09000015258789,239.927,247.495,4.9,1.49,0.58,0.38,6.21,104.1342
2016-07-31,185.4221649169922,11.869999885559082,15.420000076293945,239.828,247.713,4.9,1.46,0.67,0.39,5.69,104.9141
2016-08-31,185.64418029785156,13.420000076293945,16.139999389648438,240.305,248.338,4.9,1.58,0.8,0.4,5.1,104.4016
2016-09-30,185.6549530029297,13.289999961853027,16.3700008392334,241.002,248.611,5.0,1.6,0.77,0.4,4.97,104.226
2016-10-31,182.43624877929688,17.059999465942383,17.850000381469727,241.863,248.981,4.9,1.84,0.86,0.4,4.91,104.2687
2016-11-30,189.15695190429688,13.329999923706055,16.100000381469727,242.348,249.357,4.6,2.37,1.11,0.41,4.67,103.8589
2016-12-31,192.99148559570312,14.039999961853027,16.540000915527344,243.032,249.93,4.7,2.45,1.2,0.54,4.22,104.5712
2017-01-31,196.44496154785156,11.989999771118164,14.479999542236328,244.158,250.783,4.8,2.45,1.19,0.65,4.0,104.5548
2017-02-28,204.1636199951172,12.920000076293945,15.279999732971191,244.456,251.299,4.7,2.36,1.22,0.66,3.74,104.7361
2017-03-31,204.41883850097656,12.369999885559082,13.600000381469727,243.752,250.993,4.5,2.4,1.27,0.79,3.92,104.0998
2017-04-30,206.4478759765625,10.819999694824219,12.930000305175781,244.158,251.172,4.4,2.29,1.28,0.9,3.81,105.1241
2017-05-31,209.3614501953125,10.40999984741211,12.630000114440918,243.846,251.329,4.3,2.21,1.28,0.91,3.74,105.0284
2017-06-30,210.69615173339844,11.180000305175781,13.140000343322754,243.79,251.627,4.4,2.31,1.38,1.04,3.77,105.16
2017-07-31,215.02685546875,10.260000228881836,12.470000267028809,244.048,251.914,4.3,2.3,1.34,1.15,3.61,105.4757
2017-08-31,215.6542205810547,10.59000015258789,13.800000190734863,245.03,252.54,4.4,2.12,1.33,1.16,3.85,104.739
2017-09-30,219.99952697753906,9.510000228881836,12.489999771118164,246.373,252.86,4.2,2.33,1.47,1.15,3.56,104.6367
2017-10-31,225.18360900878906,10.180000305175781,12.380000114440918,246.639,253.428,4.1,2.38,1.6,1.15,3.51,106.1469
2017-11-30,232.06654357910156,11.279999732971191,13.039999961853027,247.592,253.724,4.1,2.42,1.78,1.16,3.61,106.3969
2017-12-31,234.88107299804688,11.039999961853027,13.09000015258789,247.963,254.426,4.1,2.4,1.89,1.3,3.63,107.4637
2018-01-31,248.11865234375,13.539999961853027,14.899999618530273,249.245,255.287,4.1,2.72,2.14,1.41,3.29,107.2433
2018-02-28,239.09706115722656,19.850000381469727,19.889999389648438,249.619,255.751,4.1,2.87,2.25,1.42,3.47,108.2189
2018-03-31,232.54330444335938,19.969999313354492,20.549999237060547,249.462,256.2,4.1,2.74,2.27,1.51,3.72,107.1665
2018-04-30,233.7451171875,15.930000305175781,17.34000015258789,250.013,256.45,3.9,2.95,2.49,1.69,3.46,107.3051
2018-05-31,239.42724609375,15.430000305175781,16.329999923706055,250.535,256.889,3.8,2.83,2.4,1.7,3.63,107.3006
2018-06-30,240.80416870117188,16.09000015258789,17.139999389648438,250.857,257.305,4.0,2.85,2.52,1.82,3.71,107.714
2018-07-31,249.72503662109375,12.829999923706055,14.869999885559082,251.286,257.93,3.9,2.96,2.67,1.91,3.46,107.9989
2018-08-31,257.6963195800781,12.859999656677246,15.149999618530273,251.846,258.141,3.9,2.86,2.62,1.91,3.49,108.2317
2018-09-30,259.2284240722656,12.119999885559082,14.770000457763672,251.994,258.441,3.7,3.05,2.81,1.95,3.28,108.4822
2018-10-31,241.3146514892578,21.229999542236328,21.149999618530273,252.827,258.939,3.7,3.15,2.87,2.19,3.81,109.0654
2018-11-30,245.79086303710938,18.06999969482422,18.889999389648438,252.876,259.481,3.7,3.01,2.8,2.2,4.29,109.3931
2018-12-31,224.1493377685547,25.420000076293945,23.729999542236328,252.733,260.027,3.9,2.69,2.48,2.27,5.33,109.9487
2019-01-31,242.0960235595703,16.56999969482422,17.8799991607666,252.673,260.701,4.0,2.63,2.45,2.4,4.37,109.4447
2019-02-28,249.94371032714844,14.779999732971191,16.100000381469727,253.113,260.989,3.8,2.73,2.52,2.4,3.92,109.6678
2019-03-31,254.46786499023438,13.710000038146973,15.800000190734863,254.148,261.374,3.8,2.41,2.27,2.41,4.05,110.2214
2019-04-30,264.8634948730469,13.119999885559082,15.229999542236328,254.958,261.735,3.6,2.51,2.27,2.42,3.73,109.1818
2019-05-31,247.97286987304688,18.709999084472656,18.829999923706055,255.155,262.032,3.6,2.14,1.95,2.39,4.59,109.5645
2019-06-30,265.2284240722656,15.079999923706055,16.059999465942383,255.305,262.803,3.7,2.0,1.75,2.38,4.07,109.5965
2019-07-31,269.23846435546875,16.1200008392334,16.90999984741211,256.161,263.569,3.7,2.02,1.89,2.4,3.93,109.1756
2019-08-31,264.7305603027344,18.979999542236328,19.540000915527344,256.3,264.245,3.7,1.5,1.5,2.13,4.13,109.9206
2019-09-30,269.8815612792969,16.239999771118164,17.959999084472656,256.358,264.595,3.5,1.68,1.63,2.04,4.02,109.5174
2019-10-31,275.8472900390625,13.220000267028809,16.049999237060547,257.271,265.011,3.6,1.69,1.52,1.83,4.15,108.6714
2019-11-30,285.8324279785156,12.619999885559082,15.510000228881836,257.936,265.62,3.5,1.78,1.61,1.55,4.02,109.677
2019-12-31,294.1373596191406,13.779999732971191,15.869999885559082,258.501,265.921,3.5,1.92,1.58,1.55,3.6,109.433
2020-01-31,294.0186462402344,18.84000015258789,18.6299991607666,258.82,266.476,3.6,1.51,1.33,1.55,4.03,109.2026
2020-02-29,270.7424621582031,40.11000061035156,29.850000381469727,259.05,267.07,3.5,1.13,0.86,1.58,5.06,109.6035
2020-03-31,236.9344940185547,53.540000915527344,48.31999969482422,257.953,266.795,4.4,0.7,0.23,0.65,8.77,103.6635
2020-04-30,267.0212097167969,34.150001525878906,35.04999923706055,255.902,265.601,14.7,0.64,0.2,0.05,7.63,92.5919
2020-05-31,279.7435302734375,27.510000228881836,30.270000457763672,255.768,265.441,13.3,0.65,0.16,0.05,6.54,92.5503
2020-06-30,284.7046813964844,30.43000030517578,32.52000045776367,257.214,266.065,11.1,0.66,0.16,0.08,6.44,97.4587
2020-07-31,301.4715576171875,24.459999084472656,29.709999084472656,258.723,267.715,10.2,0.55,0.11,0.09,5.16,100.1665
2020-08-31,322.5132141113281,26.40999984741211,31.850000381469727,259.681,268.747,8.4,0.72,0.14,0.1,5.02,101.3605
2020-09-30,310.4372253417969,26.3700008392334,31.639999389648438,260.209,269.264,7.9,0.69,0.13,0.09,5.41,101.5055
2020-10-31,302.69683837890625,38.02000045776367,36.27000045776367,260.325,269.296,6.9,0.88,0.14,0.09,5.32,103.2054
2020-11-30,335.6232604980469,20.56999969482422,24.329999923706055,260.817,269.887,6.7,0.84,0.16,0.09,4.33,103.9818
2020-12-31,348.0576171875,22.75,25.280000686645508,261.775,270.117,6.7,0.93,0.13,0.09,3.86,105.7244
2021-01-31,344.5107727050781,33.09000015258789,33.880001068115234,262.231,270.025,6.3,1.11,0.11,0.09,3.84,107.1843
2021-02-28,354.0900573730469,27.950000762939453,29.600000381469727,263.161,270.299,6.2,1.44,0.14,0.08,3.57,104.6526
2021-03-31,370.1654968261719,19.399999618530273,22.149999618530273,264.793,271.214,6.0,1.74,0.16,0.07,3.36,105.583
2021-04-30,389.7511291503906,18.610000610351562,22.06999969482422,266.832,273.7,6.1,1.65,0.16,0.07,3.28,106.3127
2021-05-31,392.3101806640625,16.760000228881836,20.479999542236328,268.551,275.718,5.8,1.58,0.14,0.06,3.34,99.8562
2021-06-30,401.1087951660156,15.829999923706055,19.510000228881836,270.981,278.14,5.9,1.45,0.25,0.08,3.04,100.0951
2021-07-31,410.9008483886719,18.239999771118164,22.18000030517578,272.265,279.054,5.4,1.24,0.19,0.1,3.32,101.1148
2021-08-31,423.1291198730469,16.479999542236328,20.420000076293945,273.012,279.338,5.2,1.3,0.2,0.09,3.21,101.5949
2021-09-30,403.40899658203125,23.139999389648438,23.8700008392334,274.138,280.017,4.8,1.52,0.28,0.08,3.15,100.0178
2021-10-31,431.7136535644531,16.260000228881836,20.3700008392334,276.724,281.695,4.6,1.55,0.48,0.08,3.15,101.611
2021-11-30,428.244873046875,27.190000534057617,28.1299991607666,278.88,283.201,4.2,1.43,0.52,0.08,3.67,102.2852
2021-12-31,448.0501708984375,17.219999313354492,21.8799991607666,280.192,284.759,3.9,1.52,0.73,0.08,3.1,101.8926
2022-01-31,424.41949462890625,24.829999923706055,26.850000381469727,281.933,286.431,4.0,1.79,1.18,0.08,3.63,103.4677
2022-02-28,411.89190673828125,30.149999618530273,29.649999618530273,284.182,287.878,3.8,1.83,1.44,0.08,3.77,103.5811
2022-03-31,427.3751220703125,20.559999465942383,24.459999084472656,287.708,288.811,3.6,2.32,2.28,0.2,3.43,104.5853
2022-04-30,389.8647766113281,33.400001525878906,33.18000030517578,288.663,290.455,3.6,2.89,2.7,0.33,3.97,105.5973
2022-05-31,390.7449035644531,26.190000534057617,27.989999771118164,291.474,292.289,3.6,2.85,2.53,0.77,4.22,105.7475
2022-06-30,358.5237731933594,28.709999084472656,29.709999084472656,295.328,294.354,3.6,2.98,2.92,1.21,5.87,104.3648
2022-07-31,391.53936767578125,21.329999923706055,23.790000915527344,295.271,295.275,3.5,2.67,2.89,1.68,4.83,104.8075
2022-08-31,375.56378173828125,25.8700008392334,26.649999618530273,295.62,296.95,3.7,3.15,3.45,2.33,5.03,104.5464
2022-09-30,340.84442138671875,31.6200008392334,31.860000610351562,296.761,298.66,3.5,3.83,4.22,2.56,5.43,105.1762
2022-10-31,368.5467224121094,25.8799991607666,26.920000076293945,298.062,299.471,3.7,4.1,4.51,3.08,4.63,104.6894
2022-11-30,389.0348815917969,20.579999923706055,23.530000686645508,298.349,300.066,3.7,3.68,4.38,3.78,4.55,104.5175
2022-12-31,366.615478515625,21.670000076293945,24.290000915527344,298.112,300.974,3.5,3.88,4.41,4.1,4.81,103.4332
2023-01-31,389.67095947265625,19.399999618530273,20.809999465942383,300.536,302.702,3.4,3.52,4.21,4.33,4.3,102.9525
2023-02-28,379.8735656738281,20.700000762939453,21.31999969482422,301.648,304.07,3.6,3.92,4.81,4.57,4.22,102.646
2023-03-31,393.95849609375,18.700000762939453,21.229999542236328,301.808,305.24,3.5,3.48,4.06,4.65,4.58,103.0258
2023-04-30,400.2519226074219,15.779999732971191,19.540000915527344,302.918,306.489,3.4,3.44,4.04,4.83,4.53,103.0398
2023-05-31,402.099609375,17.940000534057617,20.209999084472656,303.294,307.824,3.7,3.64,4.4,5.06,4.69,103.0107
2023-06-30,428.1555480957031,13.59000015258789,16.020000457763672,303.841,308.309,3.6,3.81,4.87,5.08,4.05,102.2468
2023-07-31,442.1705017089844,13.630000114440918,16.010000228881836,304.348,308.801,3.5,3.97,4.88,5.12,3.79,102.8957
2023-08-31,434.98431396484375,13.569999694824219,15.920000076293945,306.269,309.661,3.8,4.09,4.85,5.33,3.85,103.4886
2023-09-30,414.3510437011719,17.520000457763672,18.510000228881836,307.481,310.661,3.8,4.59,5.03,5.33,4.03,103.6115
2023-10-31,405.3560791015625,18.139999389648438,19.489999771118164,307.619,311.365,3.9,4.88,5.07,5.33,4.42,102.7081
2023-11-30,442.3828125,12.920000076293945,15.4399995803833,307.917,312.251,3.7,4.37,4.73,5.33,3.84,102.6651
2023-12-31,462.5799560546875,12.449999809265137,15.260000228881836,308.85,313.216,3.7,3.88,4.23,5.33,3.39,102.484
2024-01-31,469.9472351074219,14.350000381469727,15.960000038146973,309.685,314.438,3.7,3.99,4.27,5.33,3.59,102.5739
2024-02-29,494.4722900390625,13.399999618530273,14.930000305175781,311.054,315.565,3.9,4.25,4.64,5.33,3.29,102.3313
2024-03-31,510.6424560546875,13.010000228881836,15.1899995803833,312.23,316.698,3.8,4.2,4.59,5.33,3.15,102.6577
2024-04-30,490.0535888671875,15.649999618530273,16.59000015258789,313.207,317.622,3.9,4.69,5.04,5.33,3.18,102.7623
2024-05-31,514.84033203125,12.920000076293945,14.65999984741211,313.225,318.14,4.0,4.51,4.89,5.33,3.2,103.3284
2024-06-30,533.00390625,12.4399995803833,14.520000457763672,313.049,318.346,4.1,4.36,4.71,5.33,3.21,103.9941
2024-07-31,539.4581298828125,16.360000610351562,16.969999313354492,313.534,318.872,4.3,4.09,4.29,5.33,3.25,102.8887
2024-08-31,552.0629272460938,15.0,17.43000030517578,314.121,319.768,4.2,3.91,3.91,5.33,3.17,103.1389
2024-09-30,563.6588134765625,16.729999542236328,19.219999313354492,314.686,320.767,4.1,3.81,3.66,5.13,3.03,102.6418
2024-10-31,558.6289672851562,23.15999984741211,22.639999389648438,315.454,321.666,4.1,4.28,4.16,4.83,2.88,102.2805
2024-11-30,591.94189453125,13.510000228881836,16.260000228881836,316.441,322.657,4.2,4.18,4.13,4.64,2.74,101.9621
2024-12-31,577.6997680664062,17.350000381469727,18.979999542236328,317.685,323.383,4.1,4.58,4.25,4.48,2.92,103.1942
2025-01-31,593.2146606445312,16.43000030517578,18.43000030517578,319.086,324.739,4.0,4.58,4.22,4.33,2.68,103.511
2025-02-28,585.6839599609375,19.6299991607666,20.18000030517578,319.775,325.475,4.1,4.24,3.99,4.33,2.87,104.2062
2025-03-31,553.0501098632812,22.280000686645508,21.969999313354492,319.615,325.659,4.2,4.23,3.89,4.33,3.55,103.8892
2025-04-30,548.2550659179688,24.700000762939453,25.540000915527344,320.321,326.43,4.2,4.17,3.6,4.33,3.94,103.8799
2025-05-31,582.7100830078125,18.56999969482422,21.3799991607666,320.58,326.854,4.2,4.41,3.89,4.33,3.32,103.5948
2025-06-30,612.6533203125,16.729999542236328,19.440000534057617,321.5,327.6,4.1,4.24,3.72,4.33,2.96,104.0071
2025-07-31,626.763671875,16.719999313354492,19.139999389648438,322.132,328.656,4.2,4.37,3.94,4.33,2.86,103.9867
2025-08-31,639.6245727539062,15.359999656677246,18.350000381469727,323.364,329.793,4.3,4.23,3.59,4.33,2.84,103.9203
2025-09-30,662.4082641601562,16.280000686645508,18.770000457763672,324.368,330.542,4.4,4.16,3.6,4.22,2.8,101.4279
2025-10-31,678.1983032226562,17.440000534057617,20.489999771118164,324.368,330.542,4.4,4.11,3.6,4.09,2.94,101.616
2025-11-30,679.5208129882812,16.350000381469727,19.639999389648438,325.031,331.068,4.6,4.02,3.47,3.88,2.92,101.7935
2025-12-31,680.062744140625,14.949999809265137,18.18000030517578,326.03,331.86,4.4,4.18,3.47,3.72,2.81,102.325
2026-01-31,690.0853271484375,17.440000534057617,20.06999969482422,326.588,332.793,4.3,4.26,3.52,3.64,2.88,102.3412
2026-02-28,684.1216430664062,19.860000610351562,21.559999465942383,327.46,333.512,4.4,3.97,3.38,3.64,3.12,102.551
