date,rebalance_date,pred_class,actual_label,prob_equity,prob_safe,weight_equity,weight_safe,overlay,ret_equity,ret_safe,port_return,ew_return,ret_6040,holding_period_months,train_size,cum_port,cum_ew,cum_equity,cum_safe,cum_6040,turnover
2002-10-31,2002-09-30,0,0,0.6621361968911971,0.33786380310880293,0.8817365287534114,0.11826347124658865,none,0.08228439981445845,0.0014583333333333334,0.07272562862519304,0.062077883194177175,0.0499539732220084,1,36,1.072725628625193,1.0620778831941773,1.0822843998144585,1.0014583333333333,1.0499539732220085,0.0
2002-11-30,2002-10-31,0,0,0.6808747903271,0.3191252096729001,0.9282673149630208,0.07173268503697916,none,0.061680501617414896,0.0014583333333333334,0.057360603787648914,0.04662495954639451,0.03759163430378227,1,37,1.1342578183816192,1.1115972215332262,1.149040244487717,1.002918793402778,1.0894234590191734,0.09306157241921897
2002-12-31,2002-11-30,1,1,0.19799674519421928,0.8020032548057807,0.1277032726434457,0.8722967273565543,none,-0.05656997658621654,0.0011166666666666666,-0.006250106464541464,-0.04214831577299574,-0.03349531928506326,1,38,1.1271685862584955,1.064745270827659,1.0840390647604263,1.0040387193887443,1.052932872422688,1.6011280846391502
2003-01-31,2002-12-31,1,1,0.20640733673507394,0.7935926632649261,0.13446944285948148,0.8655305571405185,none,-0.02459404348208305,0.0010333333333333334,-0.0024127657489857,-0.018187199278228955,-0.014343092755916496,1,39,1.1244489925002383,1.0453805364065645,1.0573781608654318,1.0050762260654462,1.0378305585677758,0.013532340432071549
2003-02-28,2003-01-31,1,1,0.21079041207728,0.78920958792272,0.14019314200782146,0.8598068579921785,none,-0.013479390890255738,0.0010333333333333334,-0.0010012510746646398,-0.00985120983435847,-0.0076743012008201085,1,40,1.1233231367380918,1.0350822733856693,1.043125347316307,1.0061148048323807,1.0298659342659113,0.011447398296680011
2003-03-31,2003-02-28,1,0,0.3353087693646195,0.6646912306353805,0.29843917802123626,0.7015608219787637,none,0.002139388902089534,0.00105,0.0013751163284850573,0.0018670416765671505,0.0017036333412537203,1,41,1.1248678367255853,1.0370148151287562,1.0453569981078437,1.0071712253774547,1.031620448208548,0.3164920720268296
2003-04-30,2003-03-31,1,0,0.34087557811435687,0.6591244218856431,0.3550233773239455,0.6449766226760545,none,0.08461263719158807,0.0010416666666666667,0.03071131486866417,0.06371989456035772,0.05118424898161951,1,42,1.159414007044898,1.1030932898062893,1.1338074105244302,1.008220362070556,1.084423166084184,0.11316839860541844
2003-05-31,2003-04-30,1,0,0.4626324297428115,0.5373675702571885,0.5780922246974366,0.4219077753025634,none,0.05483558413317602,0.00105,0.032143027988198875,0.04138918809988201,0.03332135047990561,1,43,1.196681083923252,1.1487494254697994,1.195980402175061,1.0092789934507302,1.1205576104698043,0.44613769474698217
2003-06-30,2003-05-31,1,0,0.1875436691402419,0.8124563308597581,0.11650504343353134,0.8834949565664687,none,0.010651430348818325,0.00105,0.002168615059813105,0.008251072761613744,0.006810858209290995,1,44,1.1992762245436412,1.1582278405642128,1.2087193041273805,1.0103387363938534,1.128189569470056,0.9231743625278106
2003-07-31,2003-06-30,1,0,0.18508310785287474,0.8149168921471253,0.11399614871431464,0.8860038512856854,none,0.018027885986334757,0.0010166666666666666,0.002955880154043373,0.013775081156417734,0.01122339825846752,1,45,1.202821141334986,1.1741825230656073,1.2305099579316707,1.011365914109187,1.1408516903192676,0.005017789438433368
2003-08-31,2003-07-31,1,0,0.36525798485395355,0.6347420151460464,0.3408807071143992,0.6591192928856008,none,0.02062518318806772,0.0008416666666666667,0.007585485767691257,0.015679304057717457,0.012711776579507299,1,46,1.211945123983661,1.1925928878640109,1.2558894512287528,1.0122171470868957,1.1553539421169594,0.4537691168001692
2003-09-30,2003-08-31,0,1,0.7853211313000511,0.21467886869994887,0.7672642121343197,0.23273578786568028,none,-0.010905786021559893,0.0008583333333333333,-0.00816785443495292,-0.007964756182836586,-0.006200138279602602,1,47,1.2020461326278113,1.183094176286789,1.2421929896069177,1.013085966804812,1.1481905879139502,0.852767010039841
2003-10-31,2003-09-30,0,0,0.8697962318026532,0.13020376819734683,0.8951792636402959,0.10482073635970413,none,0.053527555494397916,0.0008416666666666667,0.04800498183170961,0.0403560832874651,0.03245319996330542,1,48,1.2597503353854862,1.2308392234019336,1.308684543792854,1.0139386474935392,1.1854530466595068,0.2558301030119523
2003-11-30,2003-10-31,0,0,0.7372344785049465,0.2627655214950535,0.9335537790920887,0.0664462209079113,none,0.010920282497071554,0.0008416666666666667,0.010250596563158498,0.008400628539470332,0.006888836164909599,1,49,1.2726635278438265,1.2411790465095436,1.3229757487106233,1.0147920458551796,1.193619438479137,0.07674903090358565
2003-12-31,2003-11-30,0,0,0.5614109416549136,0.4385890583450865,0.8471889687524872,0.15281103124751283,none,0.05031322025308005,0.0008333333333333334,0.04275214770686323,0.03794324852314337,0.030521265485181363,1,50,1.3270726269673436,1.2882734115329735,1.3895389189449843,1.015637705893392,1.230050214249232,0.17272962067920306
2004-01-31,2003-12-31,0,0,0.6823584356449378,0.3176415643550622,0.9184096870182236,0.08159031298177644,none,0.01977038201255188,0.0008166666666666666,0.018223942445313605,0.015031953176080576,0.012188895874197794,1,51,1.3512571221419478,1.3076386771331268,1.4170106341938349,1.016467143353205,1.2450431682307506,0.1424414365314728
2004-02-29,2004-01-31,0,0,0.7457694556508545,0.25423054434914544,0.940522906105467,0.05947709389453304,none,0.013570103355283969,0.0008333333333333334,0.012812557288775337,0.01038591084979631,0.008475395346503715,1,52,1.3685701814312572,1.321219695857577,1.4362396149553818,1.0173141993059993,1.2555954013049697,0.04422643817448679
2004-03-31,2004-02-29,0,1,0.7567477858978321,0.24325221410216788,0.9471568718316401,0.0528431281683599,none,-0.013245425541184686,0.0008416666666666667,-0.012501019522125694,-0.009723652489221848,-0.007610588658044144,1,53,1.351461658875786,1.3083726146731427,1.4172160100761906,1.0181704387570818,1.2460395811847058,0.013267931452346282
2004-04-30,2004-03-31,0,1,0.6656352931089082,0.33436470689109177,0.9401931550477095,0.059806844952290494,none,-0.018921182129821412,0.0008333333333333334,-0.01773972688640889,-0.013982553264032726,-0.011019375944559514,1,54,1.3274870981498763,1.2900782248992737,1.3904006078322402,1.0190189141227126,1.23230900259783,0.013927433567861192
2004-05-31,2004-04-30,0,0,0.6279278058114345,0.3720721941885655,0.9151257195974909,0.0848742804025091,none,0.017122989672386568,0.0008333333333333334,0.015740416812605254,0.013050575587623259,0.010607127136765274,1,55,1.348382298388111,1.3069144882872685,1.4142084230806315,1.0198680965511482,1.2453802608601658,0.05013487090043722
2004-06-30,2004-05-31,0,0,0.6781296898975439,0.32187031010245615,0.937328721109006,0.062671278890994,none,0.018501395959344302,0.0008333333333333334,0.017394115879046018,0.01408438030284156,0.011434170908939913,1,56,1.3718362163355282,1.3253215689636002,1.4403732530850861,1.0207179866316074,1.259620151609461,0.044406003023030216
2004-07-31,2004-06-30,0,1,0.7268653262063127,0.2731346737936873,0.9461986163327017,0.05380138366729825,none,-0.03221847198505079,0.0008583333333333333,-0.030438894091627873,-0.023949270655454758,-0.018987749857697137,1,57,1.3300790390354316,1.293581084002979,1.3939666277825478,1.0215941029034663,1.235702799254986,0.01773979044739149
2004-08-31,2004-07-31,0,0,0.7702135301428489,0.2297864698571511,0.9488595848998105,0.05114041510018952,none,0.0024361772423444616,0.00105,0.00236528756276853,0.0020896329317583464,0.001881706345406677,1,58,1.333225058443961,1.2962841936360114,1.3973625775577392,1.022666776711515,1.238028029053381,0.005321937134217469
2004-09-30,2004-08-31,0,0,0.6214578239631454,0.37854217603685464,0.9099635969356427,0.09003640306435734,none,0.010036543205818926,0.0011916666666666666,0.009240182336685335,0.007825324071030862,0.006498592590158022,1,59,1.3455443010798214,1.3064280375393682,1.411387267441592,1.0238854546204295,1.246073468829395,0.07779197592833564
2004-10-31,2004-09-30,0,0,0.7197256984206708,0.28027430157932914,0.9379890790806928,0.062010920919307155,none,0.012884807415798338,0.0013416666666666666,0.012169006627643503,0.00999902222851542,0.00826755111614567,1,60,1.3619182385974495,1.31949104052668,1.4295727205716866,1.0252591676053784,1.256375444927415,0.05605096429010037
2004-11-30,2004-10-31,0,0,0.7277525357815474,0.2722474642184526,0.9463967237242078,0.0536032762757922,none,0.04451718030919238,0.0014666666666666667,0.04220953173259732,0.033754551898560956,0.027296974852182094,1,61,1.4194041697067314,1.364029869333824,1.493213267138479,1.0267628810511997,1.2906706938524977,0.01681528928702991
2004-12-31,2004-11-30,0,0,0.808320828765367,0.19167917123463293,0.9489190171172623,0.05108098288273766,none,0.03012125779006336,0.0016083333333333331,0.02866478958395234,0.022993026675880854,0.01871608800737135,1,62,1.4600910915659593,1.395393044506115,1.5381907288935,1.0284142580182238,1.314827000147176,0.005044586786109084
2005-01-31,2004-12-31,0,1,0.6889154615426537,0.3110845384573463,0.9496757051351787,0.05032429486482126,none,-0.022420638067788934,0.0018000000000000002,-0.02120175153585141,-0.0163654785508417,-0.01273238284067336,1,63,1.4291346030228678,1.3725567695662564,1.5037035112817503,1.0302654036826566,1.298086119412048,0.001513376035832792
2005-02-28,2005-01-31,0,0,0.729506259895476,0.27049374010452404,0.9499027115405536,0.05009728845944639,none,0.020903617729367774,0.0018999999999999998,0.019951588010206585,0.01615271329702583,0.013302170637620665,1,64,1.4576481078335102,1.394727285548952,1.535136354659892,1.0322229079496537,1.315353482474794,0.00045401281074974875
2005-03-31,2005-02-28,0,1,0.6222897841246029,0.37771021587539716,0.9106428998017762,0.08935710019822385,none,-0.01829309108831878,0.0020833333333333333,-0.016472312889591677,-0.013198984982905752,-0.010142521319657934,1,65,1.4336372721183552,1.3763183010517426,1.5070539654911088,1.0343733723412156,1.302012481735907,0.07851962347755492
2005-04-30,2005-03-31,0,1,0.679620355576362,0.3203796444236379,0.9365055688113173,0.0634944311886827,none,-0.01873443320732926,0.002191666666666667,-0.017405742398832327,-0.013502908238830278,-0.010363993257730889,1,66,1.4086837510664985,1.3577340013252182,1.4788201636347749,1.0366403739822634,1.2885184331537145,0.0517253380190823
2005-05-31,2005-04-30,0,0,0.5621672189771452,0.43783278102285483,0.8481654753335608,0.1518345246664392,none,0.03222391552478743,0.0023250000000000002,0.02768422789803931,0.02474918664359057,0.020264349314872455,1,67,1.4476820730672884,1.3913368135363648,1.5264735396640943,1.039050562851772,1.3146294207817935,0.17668018695551302
2005-06-30,2005-05-31,1,1,0.4410142580892018,0.5589857419107982,0.624514541498318,0.375485458501682,none,0.001515039260896911,0.0025,0.00188487769562519,0.0017612794456726834,0.0019090235565381464,1,68,1.4504107767171694,1.3937873464680541,1.5287862070074056,1.0416481892589016,1.3171390793141842,0.44730186767048563
2005-07-31,2005-06-30,1,0,0.3253027242603761,0.6746972757396239,0.343359097002236,0.656640902997764,none,0.03826150646508464,0.002533333333333333,0.01480092659739101,0.02932946318214681,0.023970237212384116,1,69,1.471878200159425,1.434666381130031,1.5872798703505517,1.0442870313383574,1.3487112154870464,0.562310888992164
2005-08-31,2005-07-31,1,1,0.34441476809064187,0.6555852319093581,0.3743562675629443,0.6256437324370556,none,-0.009374116443750968,0.0027166666666666663,-0.0018095937704623662,-0.00635142066614656,-0.0045378031995839145,1,70,1.4692146985375372,1.425554211427896,1.5724005240170638,1.0471240111068267,1.3425910294180945,0.06199434112141672
2005-09-30,2005-08-31,1,0,0.43520749297345473,0.5647925070265453,0.5398687099660697,0.4601312900339303,none,0.008025258045018857,0.002916666666666667,0.005674635303841449,0.00674811020043081,0.0059818214936779805,1,71,1.4775519561347812,1.4351740083432998,1.5850194439724237,1.0501781228058884,1.3506221692950868,0.33102488480625075
2005-10-31,2005-09-30,1,1,0.4191072055602758,0.5808927944397242,0.562303810388828,0.43769618961117196,none,-0.02365121058489983,0.003016666666666667,-0.011978782326870722,-0.016984241272008205,-0.01298405968427323,1,72,1.4598526828756004,1.410798666718282,1.5475318153218711,1.0533461601430194,1.3330856104380568,0.04487020084551663
2005-11-30,2005-10-31,1,0,0.3906656739961797,0.6093343260038203,0.501317254109938,0.498682745890062,none,0.043952585034846336,0.00315,0.02360503989025641,0.03375193877613475,0.0276315510209078,1,73,1.4943125636887766,1.4584158569428098,1.6155498390289358,1.05666420054747,1.3699208334981139,0.1219731125577801
2005-12-31,2005-11-30,1,1,0.4535441728655335,0.5464558271344665,0.6077808666303373,0.39221913336966274,none,-0.0019133517626768182,0.0033333333333333335,0.00014449851874380926,-0.0006016804886742802,0.0001853222757272426,1,74,1.4945284896407698,1.4575383565773141,1.6124587238967376,1.060186414549295,1.370174710344544,0.21292722504079853
2006-01-31,2005-12-31,1,0,0.33079251585334224,0.6692074841466578,0.3558407788898457,0.6441592211101543,none,0.024013835865802635,0.0034666666666666665,0.010778187358468659,0.018877043566018645,0.01579496818614825,1,75,1.5106367977146873,1.4850523716335673,1.6511800430327754,1.063861727453066,1.391816576303901,0.5038801754809832
2006-02-28,2006-01-31,1,0,0.40687589143226865,0.5931241085677313,0.48597400992545975,0.5140259900745403,none,0.00572579778072857,0.003575,0.004620231822039442,0.005188098335546428,0.004865478668437142,1,76,1.5176162899190324,1.4927569693710385,1.6606343660587557,1.0676650331287107,1.398588430166285,0.26026646207122806
2006-03-31,2006-02-28,1,0,0.4858487074600033,0.5141512925399967,0.6515706745170401,0.3484293254829599,none,0.016503926860166107,0.003741666666666667,0.012057181149307067,0.013313361811791246,0.011399022782766331,1,77,1.5359144644417255,1.5126305830013482,1.6880413541776678,1.0716598797943342,1.4145309715454637,0.33119332918316075
2006-04-30,2006-03-31,0,0,0.5298974028762949,0.47010259712370506,0.7567316183006653,0.24326838169933473,none,0.01263184009639362,0.003825,0.010489414358259131,0.010430130072295216,0.009109104057836173,1,78,1.5520253076780985,1.5284075167333842,1.7093644226397398,1.0757589788345474,1.4274160813583034,0.21032188756725034
2006-05-31,2006-04-30,1,1,0.44883489178798697,0.551165108212013,0.6426676020170776,0.3573323979829224,none,-0.030120670585999987,0.003991666666666667,-0.01793122731470244,-0.021592586272833322,-0.016475735684933324,1,79,1.5241955890879515,1.4954052455682716,1.6578772199539802,1.0800530500917287,1.4038983512894208,0.2281280325671753
2006-06-30,2006-05-31,0,1,0.5322717833360882,0.4677282166639119,0.7566830776313384,0.24331692236866165,none,0.0026078613623674585,0.004116666666666667,0.0029749792254630536,0.002985062688442261,0.003211383484087142,1,80,1.5287300393010304,1.4998691239709183,1.6622007338994473,1.084499268481273,1.4084068072680889,0.22803095122852146
2006-07-31,2006-06-30,1,0,0.43642157621537614,0.5635784237846239,0.6136848536006488,0.38631514639935116,none,0.004478171493461858,0.004158333333333333,0.004354613167807707,0.004398211953429727,0.004350236229410448,1,81,1.5353870672601937,1.5064658662805475,1.6696443538424073,1.0890089779393743,1.414533709586815,0.285996448061379
2006-08-31,2006-07-31,1,0,0.3984775706349404,0.6015224293650596,0.5208349270810014,0.47916507291899857,none,0.021822649753932666,0.004366666666666667,0.013458352345050047,0.017458653982116167,0.014840256519026266,1,82,1.5560508473974144,1.5327667325758085,1.7060804177899414,1.093764317143043,1.435525752691893,0.18569985303929482
2006-09-30,2006-08-31,0,0,0.5436508925706787,0.45634910742932133,0.7321785397554825,0.2678214602445175,none,0.027001524377292085,0.0043749999999999995,0.020941655578307548,0.021344893282969065,0.01795091462637525,1,83,1.5886371283059446,1.5654834749103241,1.7521471897805172,1.0985495360305437,1.4612947529224283,0.4226872253489622
2006-10-31,2006-09-30,1,0,0.47798576456226916,0.5220142354377308,0.7065050535803619,0.29349494641963814,none,0.0315168411536364,0.0043749999999999995,0.023550847938519557,0.0247313808652273,0.020660104692181838,1,84,1.6260508797441644,1.6042000429665506,1.8073693344386201,1.1033556902506774,1.4914852555039417,0.05134697235024133
2006-11-30,2006-10-31,0,0,0.9999950596820322,4.9403179677782255e-06,0.8769515160741085,0.12304848392589152,none,0.019885209742473542,0.0043749999999999995,0.01797670194828958,0.016007657306855157,0.013681125845484124,1,85,1.6552819117620792,1.6298795275060014,1.8433092527360468,1.1081828713955242,1.5118904529811752,0.34089292498749324
2006-12-31,2006-11-30,0,0,0.6288329237780217,0.37116707622197836,0.9041637207161355,0.09583627928386451,none,0.013371278938818731,0.0043749999999999995,0.012509109037922551,0.011122209204114048,0.009772767363291239,1,86,1.675988013684812,1.6480073885884259,1.867956654924886,1.1130311714578796,1.5266658066569412,0.05442440928405401
2007-01-31,2006-12-31,0,0,0.9786456605645344,0.02135433943546562,0.9362491162148406,0.06375088378515936,none,0.015040355321056742,0.004366666666666667,0.014359898236091746,0.012371933157459223,0.010770879859300713,1,87,1.7000550310062355,1.6683964258430408,1.896051386739289,1.1178914075732456,1.5431093406457455,0.0641707909974103
2007-02-28,2007-01-31,0,1,0.9911312625848039,0.008868737415196113,0.9458747348644522,0.05412526513554783,none,-0.01961791336705232,0.0043749999999999995,-0.018319290569686383,-0.01361968502528924,-0.010020748020231392,1,88,1.668911228908775,1.6456733920257403,1.8588548148947581,1.1227821824813786,1.527646230775469,0.019251237299223067
2007-03-31,2007-02-28,0,0,0.8393909098894373,0.16060909011056268,0.9487624204593357,0.051237579540664324,none,0.011589206734267776,0.004383333333333334,0.01121999522272744,0.009787738384034166,0.008706857373894,1,89,1.6876364049242878,1.6617808126524543,1.8803974676335626,1.127703711047922,1.5409472286245978,0.005775371189767009
2007-04-30,2007-03-31,1,0,0.37387675427680855,0.6261232457231914,0.4594343161861604,0.5405656838138396,none,0.044295602801023515,0.004383333333333334,0.022720399563659337,0.03431753543410097,0.02833069501394744,1,90,1.7259801783623452,1.718809034574364,1.9636908069679093,1.1326468123146822,1.5846033345913488,0.9786562085463506
2007-05-31,2007-04-30,1,0,0.42557045742742083,0.5744295425725792,0.5491951046778281,0.45080489532217194,none,0.03392050477575914,0.0043749999999999995,0.02060124658808231,0.026534128581819357,0.022102302865455482,1,91,1.76153752162293,1.7644161345053528,2.0303001903637785,1.137602142118559,1.6196267174140975,0.17952157698333537
2007-06-30,2007-05-31,1,1,0.4403576722584869,0.5596423277415131,0.6008400646365231,0.39915993536347694,none,-0.014621235839388902,0.0043749999999999995,-0.007038699569589064,-0.009872176879541677,-0.007022741503633341,1,92,1.7491385882276678,1.7469975063363987,2.0006146924557133,1.1425791514903276,1.60825249764532,0.10328991991739
2007-07-31,2007-06-30,1,1,0.40657861476662915,0.5934213852333708,0.541007292511486,0.45899270748851395,none,-0.031309840300086655,0.0043749999999999995,-0.014930758834454647,-0.02238863022506499,-0.01703590418005199,1,93,1.723022621798802,1.7078846251629225,1.937975765932918,1.147577935278098,1.580854462198105,0.11966554425007403
2007-08-31,2007-07-31,1,0,0.3746521847318445,0.6253478152681555,0.4438895255818594,0.5561104744181407,vix_panic,0.012832681774478605,0.004383333333333334,0.008133910604349131,0.010720344664192288,0.009452942398020496,1,94,1.737037533773785,1.726193736991344,1.9628451922237866,1.1526081518944002,1.5957981883689174,0.19423553385925335
2007-09-30,2007-08-31,0,0,0.5555473341511638,0.44445266584883625,0.7207765872037547,0.2792234127962453,none,0.03871425082659785,0.004183333333333333,0.029072410197142965,0.03008152145328172,0.02490188382929204,1,95,1.78753740148349,1.7781202709231696,2.03883527332932,1.157429895996492,1.635536569470675,0.5537741232437907
2007-10-31,2007-09-30,0,0,0.6881507897710941,0.31184921022890594,0.8812329761611264,0.11876702383887361,none,0.013566645738914751,0.004116666666666667,0.012444299849164207,0.01120415097085273,0.009786654110015516,1,96,1.8097820528991464,1.7980425988829263,2.066495429202582,1.1621946490683444,1.651543000160366,0.3209127779147434
2007-11-30,2007-10-31,0,1,0.5111651028845821,0.48883489711541794,0.7703455367306636,0.22965446326933636,none,-0.038732264513330894,0.003966666666666666,-0.02892626439101422,-0.028057531718331506,-0.02165269204133187,1,97,1.7574318187468732,1.7475939616338574,1.9864553816231185,1.166804687842982,1.615782648184876,0.2217748788609255
2007-12-31,2007-11-30,0,1,0.5766863210718349,0.4233136789281651,0.837257381559209,0.16274261844079096,none,-0.011261140683773152,0.003741666666666667,-0.00881954453159983,-0.007510438846163197,-0.005260017743597224,1,98,1.7419320705601846,1.7344687640570822,1.9640856281086223,1.1711704820499946,1.6072836027856272,0.1338236896570908
2008-01-31,2007-12-31,1,1,0.45050599927764934,0.5494940007223507,0.6464960162498795,0.3535039837501205,none,-0.060460572576925165,0.003533333333333333,-0.0378384719019184,-0.04446209609936054,-0.03486301021282176,1,99,1.6760200228532427,1.657350647188237,1.8453358864430653,1.175308617753238,1.551248858126811,0.38152273061865905
2008-02-29,2008-01-31,1,1,0.33157319892194603,0.668426801078054,0.3576322530088108,0.6423677469911893,none,-0.02584274145849086,0.003283333333333333,-0.007133090415769883,-0.01856122276053481,-0.014192311541761182,1,100,1.6640648204915898,1.6265881926334596,1.797647348225642,1.179167547714861,1.529233051053474,0.5777275264821375
2008-03-31,2008-02-29,1,1,0.43636907783371404,0.563630922166286,0.5367819455711353,0.46321805442886466,none,-0.008942485199580075,0.0024833333333333335,-0.0036498397685066613,-0.0060860305663517225,-0.004372157786414711,1,101,1.6579912505323866,1.6166887271742256,1.7815719134200698,1.1820958137916864,1.5225470028620678,0.35829938512464915
2008-04-30,2008-03-31,1,0,0.32789520378690773,0.6721047962130923,0.34922769840636975,0.6507723015936302,none,0.047661977140979195,0.002175,0.018060312334407316,0.0362902328557344,0.029467186284587516,1,102,1.6879350903647163,1.6753587375386192,1.8664851532325077,1.1846668721866833,1.5674121790224447,0.37510849432953114
2008-05-31,2008-04-30,1,0,0.18774572681690638,0.8122542731830936,0.11671318588481228,0.8832868141151877,none,0.015117033423192705,0.0018999999999999998,0.0034426020787668666,0.011812775067394529,0.009830220053915623,1,103,1.6937459792156293,1.6951493734623568,1.8947008716778164,1.186917739243838,1.5828201856574227,0.465029025043115
2008-06-30,2008-05-31,1,1,0.32964771776424473,0.6703522822357553,0.2822686881639405,0.7177313118360595,none,-0.08357578893069306,0.0016499999999999998,-0.022406571639203614,-0.062269341698019794,-0.049485473358415834,1,104,1.6557949385937214,1.5895935378970452,1.736349751539671,1.18887615351359,1.5044935795289096,0.3311110045582564
2008-07-31,2008-06-30,1,1,0.14180218791385535,0.8581978120861447,0.05932403607260371,0.9406759639273963,drawdown_crash,-0.008985744791557226,0.0016666666666666668,0.0010347226250587752,-0.006322641927001253,-0.004724780208267668,1,105,1.6575082270791424,1.579543107147447,1.7207473558034518,1.1908576137694462,1.4973851780408856,0.44588930418267353
2008-08-31,2008-07-31,1,0,0.23802297934713323,0.7619770206528668,0.14330096220080257,0.8566990377991974,none,0.015453383545438237,0.0016749999999999996,0.003649455619633005,0.012008787659078679,0.009942030127262943,1,106,1.663557229793044,1.598511504919542,1.7473387246774812,1.1928523002725102,1.5122722265930852,0.1679538522563977
2008-09-30,2008-08-31,1,1,0.12302459143659827,0.8769754085634017,0.0646978418029541,0.9353021581970459,none,-0.09417309454911238,0.0016666666666666668,-0.004533959042904702,-0.07021315424516762,-0.05583719006280075,1,107,1.6560147294476346,1.486274970061951,1.5827864297491032,1.1948403874396312,1.4278311948501123,0.15720624079569692
2008-10-31,2008-09-30,1,1,0.13761027802910875,0.8623897219708913,0.05,0.95,vix_spike+vix_panic+drawdown_crash,-0.16518697181821484,0.0015083333333333335,-0.006826431924244075,-0.1235131455303278,-0.09850884975759558,1,108,1.644710057631515,1.3027004733866057,1.3213307323838852,1.196642605024019,1.2871771861974144,0.029395683605908177
2008-11-30,2008-10-31,0,1,0.9736067545690056,0.026393245430994392,0.29418356691464714,0.7058164330853529,vix_spike+vix_panic+drawdown_crash,-0.069606302052038,0.0008083333333333333,-0.019906495267329533,-0.05200264320569516,-0.04144044789788946,1,109,1.611969644653144,1.234956605465192,1.2293577863149319,1.1976098911297468,1.2338359870774485,0.4883671338292942
2008-12-31,2008-11-30,0,0,0.9724771233813762,0.02752287661862387,0.7532550700743941,0.24674492992560593,none,0.009796270312291577,0.00032500000000000004,0.00745928238277872,0.007428452734218683,0.006007762187374946,1,110,1.6239937814250793,1.2441304222377014,1.2414009075001933,1.1979991143443638,1.2412485802660347,0.918143006319494
2009-01-31,2008-12-31,1,1,0.0944127481587731,0.9055872518412269,0.05,0.95,none,-0.08211493222211486,0.00013333333333333334,-0.003979079944439076,-0.061552865833252805,-0.04921562599993558,1,111,1.617531780339517,1.167550629278636,1.139463356120343,1.1981588475596097,1.1801597543667106,1.406510140148788
2009-02-28,2009-01-31,0,1,0.755834720003517,0.24416527999648294,0.5872468781717987,0.41275312182820134,drawdown_crash,-0.10744865593691755,0.000125,-0.063047293622482,-0.08055524195268816,-0.06441919356215053,1,112,1.5155507792407554,1.0734983058450822,1.017029550015843,1.1983086174155546,1.1041348147159014,1.0744937563435972
2009-03-31,2009-02-28,0,0,0.7891164979457959,0.2108835020542042,0.7302220070749563,0.2697779929250437,drawdown_crash,0.08331086061140769,0.00018333333333333334,0.06088488314550697,0.0625289787918891,0.05005984970017795,1,113,1.6078249113359107,1.1406230586443982,1.1017591570948957,1.1985283073287476,1.1594076375893132,0.28595025780631533
2009-04-30,2009-03-31,0,0,0.5564701027862673,0.44352989721373276,0.8075441947168482,0.19245580528315176,none,0.09934652604187932,0.00015,0.0802555787411983,0.07454739453140949,0.05966791562512759,1,114,1.7368618301096899,1.225653535808785,1.2112151018871027,1.198708086574847,1.228587074684121,0.15464437528378383
2009-05-31,2009-04-30,0,0,0.5050214607051287,0.49497853929487134,0.7592965794344084,0.24070342056559157,none,0.05845298444272928,0.000125,0.04441323907266773,0.04387098833204696,0.03512179066563757,1,115,1.8140014898065426,1.2794241677773843,1.2820142393945082,1.1988579250856688,1.2717372527356847,0.09649523056487963
2009-06-30,2009-05-31,0,1,0.5364439089947126,0.46355609100528733,0.796188225951444,0.203811774048556,none,-0.0006545608911789902,0.00015,-0.000490581908617713,-0.00045342066838424265,-0.0003327365347073941,1,116,1.813111573493438,1.2788440504160836,1.2811750830114659,1.1990377537744317,1.2713140992891512,0.07378329303407116
2009-07-31,2009-06-30,0,0,0.8414264204006363,0.15857357959936375,0.9038564677854332,0.09614353221456684,none,0.07460541272131671,0.000175,0.06744940993810129,0.055997809540987535,0.04483324763279003,1,117,1.935404879277513,1.3504565159839084,1.3767576788478035,1.1992475853813422,1.328311239121639,0.2153364836679783
2009-08-31,2009-07-31,0,0,0.7467057916859594,0.25329420831404065,0.9361569403356299,0.0638430596643701,none,0.036939174808406694,0.00013333333333333334,0.03458937727511624,0.027737714439638354,0.022216838218377347,1,118,2.0023493288269436,1.3879150931874191,1.4276139714155789,1.199407485059393,1.3578221150248568,0.06460094510039349
2009-09-30,2009-08-31,0,0,0.9003116950151265,0.09968830498487342,0.945847082100689,0.05415291789931098,none,0.03545750498909084,0.00013333333333333334,0.03354459802155543,0.02662646207515146,0.021327836326787836,1,119,2.069517332161175,1.4248703617797043,1.4782336009295425,1.1995674060574009,1.386781522855,0.019380283530118225
2009-10-31,2009-09-30,0,1,0.8599702022910712,0.14002979770892873,0.9487541246302067,0.0512458753697933,none,-0.019225321085454605,0.000125,-0.018233696942743915,-0.014387740814090954,-0.011485192651272763,1,120,2.031782380308792,1.4043696963207377,1.4498140853123642,1.1997173519831579,1.3708540698997849,0.0058140850590353566
2009-11-30,2009-10-31,0,0,0.8843772104830743,0.11562278951692578,0.949626237389062,0.050373762610937955,none,0.06160660874547497,9.999999999999999e-05,0.05850828943752657,0.04622995655910622,0.03700396524728498,1,121,2.1506584918899656,1.4692936463745707,1.5391322144198818,1.1998373237183562,1.4215811062614556,0.0017442255177106958
2009-12-31,2009-11-30,0,0,0.6269038848198805,0.3730961151801195,0.9143270458091677,0.08567295419083232,none,0.019101045016751694,9.999999999999999e-05,0.017473169357453584,0.014350783762563771,0.011500627010051017,1,122,2.188237311948805,1.4903791617774012,1.5685312481342486,1.199957307450728,1.4379301803291045,0.07059838315978872
2010-01-31,2009-12-31,1,1,0.22566566301484003,0.77433433698516,0.16182233115860392,0.8381776688413961,none,-0.03634260322512228,9.999999999999999e-05,-0.0057972270073773455,-0.02723195241884171,-0.021765561935073372,1,123,2.1755516035054243,1.4497932273578458,1.5115267393370997,1.200077303181473,1.4066328219308402,1.5050094293011276
2010-02-28,2010-01-31,1,0,0.26317391988141114,0.7368260801185889,0.20206889816771442,0.7979311018322855,none,0.031195086386736293,9.166666666666667e-05,0.006376700418749096,0.023419231456718887,0.01875371849870844,1,124,2.189424444326508,1.4837462705137228,1.5586789465465825,1.200187310267598,1.433012417904375,0.08049313401822106
2010-03-31,2010-02-28,1,0,0.3499421031575757,0.6500578968424243,0.3412086105007688,0.6587913894992312,none,0.06087928779220997,0.00010833333333333333,0.02084390626305213,0.04568654917749081,0.03657090600865931,1,125,2.2350606022140846,1.5515335174684663,1.6535702107090504,1.2003173305595436,1.4854189803487978,0.27827942466610867
2010-04-30,2010-03-31,1,0,0.44937321390895957,0.5506267860910404,0.553094602860216,0.44690539713978406,none,0.015470593019147216,0.00013333333333333334,0.008616288888222563,0.011636278097693745,0.009335689144821663,1,126,2.2543185300454462,1.5695875929556224,1.6791519224675155,1.2004773728702849,1.4992863901991522,0.4237719847188943
2010-05-31,2010-04-30,1,1,0.48126524093621526,0.5187347590637847,0.665209603407783,0.334790396592217,none,-0.07945488517926769,0.00016666666666666666,-0.052798354259479555,-0.059549497217784096,-0.04760626444089394,1,127,2.135294221682398,1.4761194409558431,1.5457350992693124,1.20067745243243,1.4279109658346982,0.22423000109513413
2010-06-30,2010-05-31,0,1,0.7930290881764084,0.20697091182359162,0.8645628810223349,0.13543711897766508,vix_spike,-0.05174092269278752,0.00016666666666666666,-0.04471070833686734,-0.03876402535292397,-0.030977886949005842,1,128,2.039823704523358,1.4188991095226868,1.4657573389944907,1.2008775653411687,1.3836773013618253,0.3987065552291038
2010-07-31,2010-06-30,0,0,0.730051984900647,0.269948015099353,0.9243688643067005,0.07563113569329949,none,0.06830096029805222,0.00015,0.06314662577212156,0.051263220223539165,0.04104057617883133,1,129,2.1686316886339974,1.4916364470491321,1.565869972811732,1.20105769697597,1.440464215055285,0.11961196656873119
2010-08-31,2010-07-31,0,1,0.6645118743823724,0.3354881256176276,0.9350014862007598,0.06499851379924015,none,-0.0449807621645546,0.00015,-0.04204732969723157,-0.03369807162341595,-0.026928457298732757,1,130,2.0774465170301397,1.4413711752203728,1.49543594798407,1.2012378556305165,1.4016747359498163,0.02126524378811867
2010-09-30,2010-08-31,1,0,0.21076573179786173,0.7892342682021383,0.14261597504560372,0.8573840249543963,none,0.08955449771573587,0.00015833333333333332,0.012907654482066742,0.06720545662013523,0.053796031962774854,1,131,2.104261478876938,1.538239183210159,1.6293589631718386,1.2014280516243245,1.4770792748463866,1.5847710223103122
2010-10-31,2010-09-30,1,0,0.3881603776294339,0.6118396223705661,0.38932271680392105,0.610677283196079,none,0.03820220799894014,0.00015833333333333332,0.014969677975895239,0.028691239332538438,0.022984658132697417,1,132,2.1357615955928066,1.58237317176633,1.6916040731878665,1.2016182777324984,1.5110294370136232,0.4934134835166346
2010-11-30,2010-10-31,1,1,0.40563043269276255,0.5943695673072374,0.4938531336632922,0.5061468663367078,none,0.0,0.00015833333333333332,8.013992050331207e-05,3.958333333333333e-05,6.333333333333333e-05,1,133,2.1359327553572913,1.5824358073710458,1.6916040731878665,1.201808533959806,1.511125135544634,0.2090608337187423
2010-12-31,2010-11-30,1,0,0.4815564296771304,0.5184435703228696,0.6478537824053663,0.3521462175946337,none,0.06685238588533937,0.00015833333333333332,0.04336632754309271,0.050178872747337865,0.04017476486453695,1,134,2.228560314836136,1.6618406523799483,1.8046918414538338,1.2019988203110161,1.5718342325460313,0.3080012974841482
2011-01-31,2010-12-31,1,0,0.4628666196755368,0.5371333803244632,0.6663015744621416,0.33369842553785845,none,0.02330043334274645,0.00015,0.015575170185752819,0.017512825007059838,0.01404026000564787,1,135,2.2632705210089235,1.6909441769146962,1.8467419434098271,1.2021791201340628,1.5939031938567556,0.03689558411355054
2011-02-28,2011-01-31,1,0,0.3602618045074272,0.6397381954925728,0.42585827600923265,0.5741417239907673,none,0.034737261110609374,0.00014166666666666668,0.014874486874078694,0.026088362499623697,0.020899023333032292,1,136,2.29693550866616,1.7350581415686748,1.9108927005019685,1.2023494288427485,1.6272142138957628,0.4808865969058178
2011-03-31,2011-02-28,0,1,0.5397932617516705,0.4602067382483294,0.699698499773898,0.300301500226102,none,0.00012009418267999727,0.00013333333333333334,0.00012406991948291345,0.0001234039703433313,0.0001253898429413317,1,137,2.2972204892697774,1.7352722546321209,1.9111221875990245,1.2025097420999276,1.6274182500304752,0.5476804475293306
2011-04-30,2011-03-31,1,0,0.4847270087092913,0.5152729912907087,0.7141099858762208,0.28589001412377923,none,0.028961376145610895,0.00011666666666666668,0.02071496174527922,0.02175019877587484,0.017423492354033204,1,138,2.3448073238254725,1.7730147711006299,1.9664709161343026,1.2026500349031726,1.6557735594666954,0.02882297220464558
2011-05-31,2011-04-30,1,1,0.4174626975086563,0.5825373024913437,0.5678879660076108,0.4321120339923892,none,-0.01121480143890552,8.333333333333333e-05,-0.00633274144215325,-0.008390267745845807,-0.006695547530009978,1,139,2.3299582653120186,1.758138702453756,1.9444173352744738,1.2027502557394145,1.6446872489003523,0.2924440397372199
2011-06-30,2011-05-31,1,1,0.41797520330708704,0.582024796692913,0.5687680088647705,0.4312319911352295,none,-0.016869548144616164,7.5e-05,-0.009562516909326578,-0.012633411108462124,-0.010091728886769697,1,140,2.3076780000019474,1.7359274134399596,1.9116158934238348,1.202840462008595,1.6280895110809228,0.0017600857143194037
2011-07-31,2011-06-30,1,1,0.3554452670450321,0.6445547329549679,0.4141258624710787,0.5858741375289214,none,-0.020004446083133676,7.5e-05,-0.008240417927119256,-0.014984584562350257,-0.011972667649880205,1,141,2.2886617688407127,1.7099152623191665,1.8733750763521761,1.2029306750432458,1.6085969364604948,0.30928429278738373
2011-08-31,2011-07-31,1,1,0.33795023052772444,0.6620497694722756,0.35798316080238163,0.6420168391976184,vix_panic,-0.05497551623218888,5.833333333333334e-05,-0.019642858085255087,-0.04121705384080833,-0.03296197640598,1,142,2.2437059105102257,1.6394375928889375,1.770385314433199,1.20300084599929,1.5555744021941524,0.11228540333739412
2011-09-30,2011-08-31,1,1,0.4944089835049803,0.5055910164950197,0.624954680497436,0.37504531950256403,none,-0.0694210668609021,8.333333333333333e-05,-0.043353766883221005,-0.052044966812343246,-0.041619306783207924,1,143,2.1464328075114603,1.554113117776125,1.6474832771503727,1.20310109606979,1.4908324739251289,0.5339430393901088
2011-10-31,2011-09-30,1,0,0.31243069261206735,0.6875693073879326,0.2418298048522624,0.7581701951477375,vix_spike+drawdown_crash,0.10914725770261291,6.666666666666667e-05,0.026445604710058992,0.08187710994362635,0.0655150212882344,1,144,2.2031965210756104,1.6813594083851127,1.8273015589622497,1.2031813028095282,1.588504395191525,0.766249751290347
2011-11-30,2011-10-31,1,1,0.23192741215627832,0.7680725878437217,0.17049635441579006,0.82950364558421,none,-0.004063583800046788,5.833333333333334e-05,-0.0006444385111119613,-0.0030331045167017578,-0.0024148169466947393,1,145,2.2017766963898815,1.6762596695693408,1.8198761659494505,1.2032514883855254,1.5846684478581174,0.14266690087294479
2011-12-31,2011-11-30,1,0,0.3241980184572947,0.6758019815427053,0.2897598068242078,0.7102401931757922,none,0.010448115366953337,6.666666666666667e-05,0.0030747932366171553,0.007852753191881669,0.006295535886838669,1,146,2.208546704484482,1.689422923039974,1.838890442084859,1.2033317051514179,1.5946447849403491,0.2385269048168355
2012-01-31,2011-12-31,1,0,0.44193957459685673,0.5580604254031433,0.5256052442860621,0.47439475571393785,none,0.046374739626807715,5.833333333333334e-05,0.024402479377667444,0.03479563805343912,0.027848177109417963,1,147,2.2624407198952796,1.748207471589256,1.9241685075387698,1.203401899500885,1.6390527353379776,0.4716908749237087
2012-02-29,2012-01-31,0,0,0.5244526839841787,0.47554731601582134,0.7127855604892045,0.2872144395107955,none,0.04340551524675229,6.666666666666667e-05,0.030957972142779764,0.03257080310173088,0.02606997581471804,1,148,2.3324812966764883,1.8051479929273644,2.0076880330300644,1.203482126294185,1.6817828005072861,0.3743606324062847
2012-03-31,2012-02-29,1,0,0.408789159153789,0.591210840846211,0.5464912865419781,0.4535087134580219,none,0.03216350398942236,8.333333333333333e-05,0.01761486706766564,0.024143461325400104,0.01933143572698675,1,149,2.373567644655261,1.84873051368123,2.0722623150899424,1.2035824164713764,1.7142940766220445,0.3325885478944528
2012-04-30,2012-03-31,1,1,0.44720972256897473,0.5527902774310253,0.611196198994731,0.388803801005269,none,-0.006675426782059235,0.00010833333333333333,-0.004037875064086662,-0.004979486753211093,-0.003961922735902207,1,150,2.363983475049985,1.839524784578097,2.058429079732339,1.2037128045664942,1.7075021759438531,0.1294098249055058
2012-05-31,2012-04-30,1,1,0.3997015043451779,0.6002984956548221,0.523888631498828,0.47611136850117197,none,-0.06005581577211461,0.00011666666666666668,-0.03140701281207372,-0.04501269516241929,-0.0359868227966021,1,151,2.2897378157615593,1.7567228162061683,1.93480844213997,1.203853237727027,1.6460545977133492,0.17461513499180592
2012-06-30,2012-05-31,1,0,0.426947804826153,0.573052195173847,0.5708648086790377,0.42913519132096234,none,0.04058106748455703,0.00013333333333333334,0.023223521351072227,0.030469133946751107,0.02440197382406755,1,152,2.3429135908142555,1.810248639000468,2.0133250341001427,1.2040137514920572,1.6862215789197363,0.09395235436041927
2012-07-31,2012-06-30,0,0,0.5149209260633754,0.4850790739366246,0.7151052158030992,0.28489478419690084,none,0.011829684760108261,0.00013333333333333334,0.008497455244486104,0.008905596903414529,0.0071511441893982895,1,153,2.362822394193898,1.826369983674361,2.0371420345731814,1.204174286658923,1.6982799925658663,0.288480814248123
2012-08-31,2012-07-31,0,0,0.5956241768489845,0.4043758231510155,0.8350375879985714,0.16496241200142858,none,0.025052452692184035,0.00013333333333333334,0.020941734657796533,0.01882267285247136,0.015084804948643754,1,154,2.412303993816606,1.860747148384637,2.0881774390215857,1.2043348432304775,1.7238982150019067,0.23986474439094452
2012-09-30,2012-08-31,0,0,0.7143395896517664,0.2856604103482336,0.9155112763995714,0.08448872360042858,none,0.0253510370129002,0.00010833333333333333,0.023218313198789753,0.019040361093008485,0.015253955541073453,1,155,2.4683136234757312,1.8961764459926664,2.141114902567725,1.2044653128384941,1.7501944817308819,0.160947376802
2012-10-31,2012-09-30,1,1,0.46492374099199885,0.5350762590080012,0.6787099788508515,0.3212900211491485,none,-0.018197933435362246,0.00011666666666666668,-0.01231363518124318,-0.013619283409855017,-0.01087209339455068,1,156,2.4379197100033587,1.8703518815796008,2.1021510360933355,1.2046058337916588,1.7311662038668765,0.47360259509743985
2012-11-30,2012-10-31,1,0,0.3577990930760424,0.6422009069239576,0.4198481501858996,0.5801518498141004,none,0.005659245194110207,0.00013333333333333334,0.002453377206170826,0.004277767228915989,0.0034488804497994573,1,157,2.4439008466503553,1.8783528115651633,2.1140476242416404,1.204766447902831,1.7371367891427465,0.5177236573299038
2012-12-31,2012-11-30,1,0,0.429479035488299,0.570520964511701,0.5439255282375348,0.4560744717624652,none,0.008934441949548733,0.00013333333333333334,0.004920480986484213,0.006734164795494883,0.005413998503062572,1,158,2.455926014299151,1.8910019489423242,2.132935460019009,1.204927083429218,1.7465416451187803,0.24815475610327042
2013-01-31,2012-12-31,0,0,0.5290394564430738,0.47096054355692624,0.7234812103721566,0.2765187896278434,none,0.051190107713259936,0.00013333333333333334,0.03707195025942075,0.03842591411827829,0.030767397961289293,1,159,2.546971981342067,1.9636654274298788,2.2421206559628137,1.2050877403736753,1.8002781869701145,0.3591113642692436
2013-02-28,2013-01-31,0,0,0.5609623937588502,0.43903760624114985,0.8096695254067692,0.19033047459323083,none,0.012759137474650961,0.00011666666666666668,0.010352890005736243,0.009598519772654888,0.007702149151457244,1,160,2.5733405021125932,1.9825137088619433,2.270728181646998,1.2052283339433856,1.8141441980802735,0.1723766300692251
2013-03-31,2013-02-28,0,0,0.5906781862826973,0.4093218137173027,0.8598544445019698,0.1401455554980302,none,0.03797120172319435,0.000125,0.03266722475920677,0.02850965129239576,0.02283272103391661,1,161,2.6574043946770756,2.0390344833839915,2.3569504594908586,1.2053789874851284,1.8555660464703385,0.10036983819040124
2013-04-30,2013-03-31,0,0,0.5495411722323461,0.4504588277676539,0.8311815002448608,0.16881849975513918,none,0.019212422040131072,0.00011666666666666668,0.01598870526629167,0.01443848319676497,0.01157411989074531,1,162,2.6998928503169157,2.0684750485099554,2.402233186446278,1.2055196150336684,1.8770425903573824,0.05734588851421796
2013-05-31,2013-04-30,0,0,0.5001102530253245,0.49988974697467553,0.750206667437273,0.24979333256272696,none,0.023609593197399192,0.000125,0.0177432983987409,0.017738444898049394,0.014215755918439514,1,163,2.7477978548047157,2.1051665791809393,2.4589489347435665,1.2056703049855475,1.9037261696704184,0.16194966561517554
2013-06-30,2013-05-31,0,1,0.6135560960817092,0.38644390391829075,0.8573556073506342,0.1426443926493658,none,-0.013344463349856395,9.166666666666667e-05,-0.01142787474409155,-0.00998543084572563,-0.00797001134324717,1,164,2.716396365097924,2.084145583885795,2.4261355808047127,1.2057808247635045,1.8885534505037087,0.21429787982672233
2013-07-31,2013-06-30,0,0,0.6243356220858414,0.37566437791415863,0.8958122870155084,0.10418771298449159,none,0.05167666058509224,7.5e-05,0.046300401582529495,0.038776245438819176,0.03103599635105534,1,165,2.8421666076592813,2.164960924576782,2.5515101657473735,1.2058712583253617,1.9471665885023148,0.07691335932974841
2013-08-31,2013-07-31,1,1,0.44248253978257157,0.5575174602174284,0.6279512603968123,0.37204873960318774,none,-0.029992145431244177,7.5e-05,-0.018805701870084037,-0.02247535907343313,-0.017965287258746507,1,166,2.788717669770533,2.116302650416967,2.4749849017869803,1.2059616986697361,1.9121851813992374,0.5357220532373923
2013-09-30,2013-08-31,1,0,0.45425488049582685,0.5457451195041731,0.6468964942766994,0.3531035057233006,none,0.03164677121727344,6.666666666666667e-05,0.02049572558934583,0.023751745079621748,0.019014729397030732,1,167,2.84587446187631,2.166568531480999,2.553310182740039,1.206042096116314,1.948544865180556,0.03789046775977423
2013-10-31,2013-09-30,1,0,0.4910918372875198,0.5089081627124802,0.7071187505148133,0.2928812494851867,none,0.04630636292046475,6.666666666666667e-05,0.03276362290583686,0.03474643885701523,0.027810484418945517,1,168,2.9391156195825765,2.241849072489637,2.671544690710517,1.2061224989227217,2.002734841793276,0.1204445124762279
2013-11-30,2013-10-31,0,0,0.6468315095094336,0.3531684904905664,0.8622273842733751,0.13777261572662491,none,0.029637239764111367,7.5e-05,0.025564372665072103,0.022246679823083527,0.01781234385846682,1,169,3.0142522665873197,2.291722771016991,2.7507219012496433,1.206212958110141,2.03840824345263,0.31021726751712353
2013-12-31,2013-11-30,0,0,0.6371042296402627,0.36289577035973736,0.9040590619557545,0.09594093804424553,none,0.025926840728994316,6.666666666666667e-05,0.023445791371467135,0.019461797213412405,0.015582771104063255,1,170,3.084923796370698,2.3363238148558834,2.822039429873099,1.2062933723073483,2.070172292526988,0.08366335536475877
2014-01-31,2013-12-31,1,1,0.4657471786770885,0.5342528213229115,0.6805029410656651,0.3194970589343349,none,-0.03524825462929204,7.5e-05,-0.023962578663244603,-0.02641744097196903,-0.021118952777575226,1,171,3.0110010672300502,2.2746041183855223,2.72256746547503,1.2063838443102715,2.0264524216396658,0.4471122417801787
2014-02-28,2014-01-31,1,0,0.48987479213130114,0.5101252078686989,0.7155283558839169,0.28447164411608306,none,0.04551591965995261,5.833333333333334e-05,0.03258452534007045,0.03415152307829779,0.027332885129304898,1,172,3.109113107804187,2.3522853134285566,2.846487627502392,1.2064542167011896,2.0818412129003443,0.07005082963650366
2014-03-31,2014-02-28,0,0,0.6216740236025082,0.37832597639749177,0.8517569071967417,0.14824309280325831,none,0.00829505383465734,5.833333333333334e-05,0.007074016912985064,0.006235873709326338,0.005000365634127737,1,173,3.1311070265131775,2.3669538675714006,2.8700993956122103,1.2065245931971638,2.092251180157042,0.2724571026256495
2014-04-30,2014-03-31,0,0,0.6558115253908214,0.3441884746091786,0.9096241733210053,0.09037582667899469,none,0.006951886151163045,6.666666666666667e-05,0.006329628748385363,0.00523058128003895,0.004197798357364494,1,174,3.150925771562467,2.3793344121618354,2.890051999853028,1.2066050281700436,2.101034028724299,0.11573453224852726
2014-05-31,2014-04-30,0,0,0.6594784213033471,0.34052157869665284,0.928532354185043,0.07146764581495701,none,0.02320627897333516,7.5e-05,0.02155314092042188,0.01742345923000137,0.013953767384001095,1,175,3.2188381187467416,2.420790648286676,2.9571193528090625,1.2066955235471564,2.130351368826988,0.03781636172807534
2014-06-30,2014-05-31,0,0,0.5294470235508014,0.4705529764491986,0.8010838946308741,0.19891610536912585,none,0.020644857815502737,7.5e-05,0.01655318181084626,0.015502393361627053,0.012416914689301643,1,176,3.2721201313460386,2.458318697162564,3.018168661391277,1.2067860257114225,2.15680376003195,0.25489691910833767
2014-07-31,2014-06-30,1,1,0.37215242538177096,0.627847574618229,0.45515496844305087,0.5448450315569491,none,-0.013437547700327124,8.333333333333333e-05,-0.006070762846864637,-0.01005732744191201,-0.00802919528686294,1,177,3.2522558660221854,2.4335945810686255,2.977611876036199,1.2068865912135651,2.139486361447213,0.6918578523756465
2014-08-31,2014-07-31,1,0,0.4603730165737785,0.5396269834262215,0.6046413343215031,0.39535866567849687,none,0.03946317039715641,7.5e-05,0.02389071590541938,0.02961612779786731,0.023707902238293846,1,178,3.329954586969055,2.505668229189751,3.095117880876812,1.2069771077079061,2.1902090949445663,0.2989727317569045
2014-09-30,2014-08-31,0,1,0.6382371440521488,0.3617628559478511,0.8273509371439415,0.17264906285605852,none,-0.013795952775424558,7.5e-05,-0.011401145777826865,-0.010328214581568419,-0.008247571665254734,1,179,3.2919892892894773,2.479789150048461,3.0524177807578634,1.2070676309909842,2.1721451884721183,0.4454192056448767
2014-10-31,2014-09-30,0,0,0.5443010969136464,0.4556989030863537,0.8237005752469185,0.17629942475308147,none,0.02355093724163515,7.5e-05,0.01941214301039543,0.017681952931226364,0.01416056234498109,1,180,3.3558938561618548,2.523636665078984,3.1243050803477432,1.2071581610633086,2.2029039858358286,0.0073007237940458936
2014-11-30,2014-10-31,0,0,0.5696921943780346,0.4303078056219653,0.84743328772245,0.15256671227755003,none,0.027471400265456802,7.5e-05,0.02329162154871626,0.020622300199092603,0.01651284015927408,1,181,3.4340580658172386,2.57567985797968,3.210134115761376,1.2072486979253885,2.2392801872401633,0.04746542495106287
2014-12-31,2014-11-30,0,1,0.6046245532393371,0.395375446760663,0.8808610830948662,0.11913891690513378,none,-0.002536203536503523,7.5e-05,-0.002225107575345638,-0.001883402652377642,-0.0014917221219021136,1,182,3.426416917200812,2.5708288157034853,3.2019925622643313,1.2073392415777329,2.23593980344772,0.0668555907448325
2015-01-31,2014-12-31,0,1,0.5838163983082807,0.4161836016917193,0.8739975555624396,0.12600244443756037,none,-0.029628926425071644,9.999999999999999e-05,-0.025883009025008237,-0.022196694818803733,-0.017737355855042988,1,183,3.337730937209462,2.5137649130499287,3.1071209602233747,1.2074599755018907,2.196280143483513,0.013727055064853166
2015-02-28,2015-01-31,0,0,0.5440951683277223,0.4559048316722777,0.8234013306332209,0.17659866936677915,none,0.05620465373742167,9.166666666666667e-05,0.04629517488653105,0.04217640696973292,0.03375945890911967,1,184,3.492251774671759,2.619786485048958,3.2817556179130145,1.2075706593329782,2.27042537274036,0.10119244985843756
2015-03-31,2015-02-28,0,1,0.6316708476714179,0.3683291523285821,0.8896121058953604,0.11038789410463956,none,-0.015706238448079612,9.166666666666667e-05,-0.013962340971197855,-0.011756762169393043,-0.0093870764021811,1,185,3.443491764636521,2.588986278409647,3.2302115816497476,1.2076813533100836,2.2491127163009956,0.13242155052427917
2015-04-30,2015-03-31,0,0,0.6528004628104379,0.3471995371895621,0.9196721862163842,0.08032781378361575,none,0.00983383794258752,9.166666666666667e-05,0.00905127062248726,0.007398295123607307,0.005936969432219178,1,186,3.4746597404845523,2.6081403629682915,3.2619769588639604,1.207792057434137,2.26246562974729,0.060120160642047615
2015-05-31,2015-04-30,0,0,0.5741944806013575,0.4258055193986425,0.8630145807086343,0.13698541929136565,none,0.012856624691202967,9.999999999999999e-05,0.01110915310913594,0.009667468518402226,0.00775397481472178,1,187,3.513260267543745,2.6333544778188616,3.303914972375426,1.2079128366398804,2.280008731259524,0.1133152110154998
2015-06-30,2015-05-31,0,1,0.6501045972357211,0.3498954027642789,0.9104920820877584,0.08950791791224155,none,-0.02031212913857461,9.999999999999999e-05,-0.018485081959225,-0.015209096853930956,-0.012147277483144765,1,188,3.4483173635541102,2.5933035345149817,3.2368054247936664,1.2080336279235444,2.2523128325369215,0.0949550027582482
2015-07-31,2015-06-30,0,0,0.5570295733513231,0.442970426648677,0.8414301778563267,0.15856982214367332,none,0.02258923906253707,0.00010833333333333333,0.01902444583942855,0.016969012630236136,0.013596876770855575,1,189,3.5139196904742067,2.6373093349462025,3.3099223963332474,1.2081644982332362,2.282937252570343,0.13812380846286354
2015-08-31,2015-07-31,1,1,0.4148091311634827,0.5851908688365173,0.5613649789764816,0.43863502102351837,none,-0.060950406862439466,0.00010833333333333333,-0.03416790507299712,-0.04568572181349627,-0.03652691078413035,1,190,3.3938564160559483,2.516821954333713,3.1081812795936354,1.208295382720545,2.1995486072199384,0.5601303977596901
2015-09-30,2015-08-31,1,1,0.45026972763031603,0.549730272369684,0.5100897992748412,0.4899102007251588,vix_spike,-0.025515918428259732,0.00011666666666666668,-0.012958253519299627,-0.019107772154528132,-0.015262884390289172,1,191,3.349877964208594,2.4687310938767904,3.02887317960328,1.2084363505151958,2.1659771511171186,0.10255035940328083
2015-10-31,2015-09-30,1,0,0.3934008987225731,0.6065991012774269,0.5081545958451245,0.49184540415487554,none,0.08505975744487526,0.00011666666666666668,0.04328088863090297,0.06382398475032311,0.051082521133591824,1,192,3.4948636593046225,2.626295349565031,3.286508397591623,1.2085773347560893,2.276620724713936,0.0038704068594335173
2015-11-30,2015-10-31,1,0,0.4871863624099152,0.5128136375900848,0.660096421748441,0.33990357825155904,none,0.0036552852549607273,9.999999999999999e-05,0.00244683107509457,0.0027664639412205453,0.0022331711529764366,1,193,3.5034150003094275,2.633560900948598,3.2985215232776444,1.208698192489565,2.281704808442635,0.303883651806633
2015-12-31,2015-11-30,0,1,0.6282151557651543,0.37178484423484565,0.8387729745732962,0.16122702542670375,none,-0.017282401871144937,9.999999999999999e-05,-0.01447988892268867,-0.012936801403358702,-0.010329441122686961,1,194,3.4526859402548657,2.5994910465893755,3.241515148731739,1.208819062308814,2.2581360729644753,0.35735310564971057
2016-01-31,2015-12-31,0,1,0.5593589226190593,0.4406410773809407,0.8427913151716723,0.15720868482832773,none,-0.04978689400806091,0.00019999999999999998,-0.041928520142400644,-0.03729017050604568,-0.029792136404836547,1,195,3.307919928263506,2.5025555822331187,3.0801301775963084,1.2090608261212756,2.1908613750580357,0.008036681196752049
2016-02-29,2016-01-31,0,1,0.5016032219141178,0.49839677808588223,0.7529939769366549,0.24700602306334507,none,-0.0008258524816112667,0.00028333333333333335,-0.0005518769046235256,-0.0005485560278751167,-0.00038217815563342666,1,196,3.3060943636527536,2.5011827902833925,3.077586444445455,1.2094033933553434,2.1900240756984672,0.1795946764700347
2016-03-31,2016-02-29,1,0,0.3187999661327401,0.6812000338672599,0.3288506376649193,0.6711493623350807,none,0.0672661704098576,0.00031666666666666665,0.02233305366396491,0.05052879447405987,0.04048636891258123,1,197,3.379929546494343,2.6275645414356776,3.2846038986685904,1.2097863710965726,2.27869019835463,0.8482866785434713
2016-04-30,2016-03-31,1,0,0.3918466210616368,0.6081533789383632,0.4516438560313461,0.548356143968654,none,0.003941069398493591,0.0003,0.0019444666232133793,0.003030802048870193,0.002484641639096154,1,198,3.386501706686314,2.6355281694314,3.297548750579806,1.2101493070079015,2.2843519269040624,0.24558643673285357
2016-05-31,2016-04-30,1,0,0.34704666957280417,0.6529533304271958,0.39390642300550704,0.606093576994493,none,0.017011564489952002,0.00030833333333333337,0.006887843370871132,0.012835756700797335,0.010330272027304533,1,199,3.409827400017157,2.669357167792319,3.3536452138090547,1.2105224363775622,2.307949903715079,0.11547486605167806
2016-06-30,2016-05-31,1,0,0.3946785182402398,0.6053214817597602,0.4761151201884843,0.5238848798115157,none,0.003475978372108557,0.00030833333333333337,0.0018164970316842549,0.002684067112414751,0.0022089203565984674,1,200,3.416021341367844,2.6765219015776784,3.36530241203998,1.2108956807954452,2.313047981239405,0.16441739436595454
2016-07-31,2016-06-30,1,0,0.3973375003481472,0.6026624996518528,0.5054268746821419,0.49457312531785813,none,0.03647105494101144,0.00031666666666666665,0.01859006613821342,0.027432457872425247,0.02200929963127353,1,201,3.4795254040334207,2.7499454758873316,3.4880385412026085,1.2112791310943638,2.3639565473200155,0.05862350898731511
2016-08-31,2016-07-31,1,0,0.4735841218892417,0.5264158781107583,0.6397351058031426,0.36026489419685737,none,0.0011976802824005262,0.00032500000000000004,0.000883284212793817,0.0009795102118003946,0.0008486081694403157,1,202,3.482598813890818,2.7526390755628576,3.49221609618766,1.2116727968119694,2.3659626201582733,0.26861646224200153
2016-09-30,2016-08-31,1,1,0.44289414875577315,0.5571058512442268,0.6289123886200423,0.3710876113799577,none,5.786438659072246e-05,0.0003333333333333333,0.0001600875000467907,0.00012673162327637516,0.00016805196528776683,1,203,3.4831563344285996,2.752987921981198,3.4924181711299083,1.21207668774424,2.3663602248263884,0.0216454343662007
2016-10-31,2016-09-30,0,1,0.582980728082206,0.417019271917794,0.7998257874278093,0.2001742125721907,none,-0.01733694241560979,0.0003333333333333333,-0.013799808881631624,-0.01291937347837401,-0.010268832116032542,1,204,3.4350894427086405,2.7174210428356704,3.4318703184058,1.2124807133068214,2.342060468951589,0.34182679761553403
2016-11-30,2016-10-31,0,0,0.5348663553410289,0.4651336446589711,0.8066529167701173,0.1933470832298827,none,0.03683863908608642,0.0003333333333333333,0.029780444696376557,0.02771231264789815,0.022236516784985186,1,205,3.537387933884332,2.7927270643707103,3.5582957504558035,1.2128848735445903,2.3941397358808816,0.013654258684616005
2016-12-31,2016-11-30,0,0,0.6254639886647038,0.3745360113352963,0.8812305416308731,0.11876945836912689,none,0.020271784418134375,0.0003416666666666666,0.017904695127559635,0.015289254980267447,0.012299737317547292,1,206,3.600723786388439,2.8354257805481677,3.630428754805007,1.2132992758763848,2.4235870257337186,0.14915524972151162
2017-01-31,2016-12-31,1,0,0.47385557119135757,0.5261444288086424,0.6978684291654943,0.3021315708345057,none,0.017894603930410202,0.00045000000000000004,0.012624038342329575,0.013533452947807651,0.01091676235824612,1,207,3.646179461527945,2.8737988819362172,3.695393839469815,1.2138452605505292,2.450044749348182,0.3667242249307576
2017-02-28,2017-01-31,0,0,0.5182530127020057,0.48174698729799426,0.7572114534183174,0.24278854658168258,none,0.03929139008033089,0.0005416666666666668,0.029883401052285156,0.029603959226914833,0.023791500714865202,1,208,3.75513970468539,2.9588747068634103,3.8405910003168753,1.2145027600666607,2.508334990753751,0.11868604850564624
2017-03-31,2017-02-28,0,0,0.5066088542289686,0.49339114577103144,0.7606935175307663,0.2393064824692337,none,0.00124984435801756,0.00055,0.0010823670664244387,0.00107488326851317,0.000969906614810536,1,209,3.759204144231564,2.962055151779445,3.8453911413100745,1.2151707365846973,2.510767841453444,0.006964128224897781
2017-04-30,2017-03-31,0,0,0.5798104383303206,0.42018956166967936,0.8368716815969524,0.16312831840304765,none,0.009926408484898896,0.0006583333333333334,0.008414522970590935,0.007609389697007506,0.006219178424272671,1,210,3.7908360538543415,2.9845945837333634,3.88356206456293,1.2159707239862823,2.526382754641369,0.1523563281323721
2017-05-31,2017-04-30,0,0,0.6359489276730532,0.3640510723269467,0.8958678258385973,0.10413217416140275,none,0.014112951357417636,0.0007500000000000001,0.01272143817935667,0.010772213518063227,0.008767770814450581,1,211,3.8390609403615263,3.016745273854194,3.938370587073619,1.216882702029272,2.548533499623645,0.1179922884832898
2017-06-30,2017-05-31,0,0,0.5985571374520359,0.40144286254796413,0.8893563835584749,0.1106436164415251,none,0.006374813092844489,0.0007583333333333334,0.0057533854605815475,0.0049706931529667,0.004128221189040026,1,212,3.8611485377580888,3.031740588931186,3.9634769634565696,1.2178055047449776,2.55905440961777,0.013022884560244696
2017-07-31,2017-06-30,0,0,0.5971099021737125,0.40289009782628743,0.8879242357765698,0.11207576422343024,none,0.020554116352600404,0.0008666666666666666,0.01834763038343905,0.01563225393111697,0.01267913647822691,1,213,3.9319914639844304,3.079133527670632,4.0449427301243075,1.2188609361824232,2.591501009732522,0.002864295563810293
2017-08-31,2017-07-31,0,0,0.6053232513244247,0.39467674867557534,0.8934659993314207,0.10653400066857932,none,0.002917755168571512,0.0009583333333333333,0.002709010121466219,0.0024278997097619674,0.0021339864344762406,1,214,3.942643268657883,3.086609355068782,4.056744882681704,1.2200290112462648,2.5970312377322227,0.01108352710970184
2017-09-30,2017-08-31,0,0,0.6360578008566946,0.36394219914330544,0.9129014488286583,0.08709855117134169,none,0.02014948579983944,0.0009666666666666666,0.018478690045958198,0.015353781016546246,0.01247635814657033,1,215,4.015498151581196,3.1340004791901315,4.13848620608887,1.2212083726238028,2.6294327295720006,0.03887089899447527
2017-10-31,2017-09-30,0,0,0.5939227902999221,0.4060772097000779,0.884713159583529,0.11528684041647097,none,0.02356405826372643,0.0009583333333333333,0.02095791566117756,0.017912627031128156,0.01452176829156919,1,216,4.099654623179649,3.190138660889241,4.2360057361727765,1.222378697314234,2.6676167424091135,0.056376578490258566
2017-11-30,2017-10-31,0,0,0.6086057739233697,0.39139422607663027,0.8946190297662171,0.1053809702337829,none,0.030566010784655928,0.0009583333333333333,0.027445925008466657,0.02316409142182528,0.018722939804126888,1,217,4.212173436528052,3.264035324478378,4.365483533188498,1.223550143565827,2.7175623700977205,0.01981174036537614
2017-12-31,2017-11-30,0,0,0.6304500665433581,0.36954993345664183,0.9103307707386077,0.08966922926139231,none,0.012128045523369657,0.0009666666666666666,0.0111272132837947,0.009337700809193909,0.007663493980688461,1,218,4.259043188744634,3.2945139097689977,4.4184283162105285,1.224732908704607,2.73838839296311,0.03142348194478117
2018-01-31,2017-12-31,0,0,0.682443629872753,0.31755637012724697,0.9373811157287941,0.06261888427120588,none,0.05635909385254556,0.0010833333333333335,0.052897787401590124,0.0425401537227425,0.03424878964486067,1,219,4.484337149877039,3.4346630379322844,4.667446932364583,1.226059702689037,2.8321748809996317,0.054100689980372874
2018-02-28,2018-01-31,0,1,0.6980074132372133,0.30199258676278673,0.9462143347186383,0.05378566528136175,none,-0.03636039821870063,0.001175,-0.034341531853906974,-0.026976548664025473,-0.021346238931220375,1,220,4.330338142800878,3.3420076833449746,4.497736703239154,1.2275003228396966,2.771718599294813,0.017666437979688254
2018-03-31,2018-02-28,0,1,0.6771630048686388,0.32283699513136127,0.946313256798061,0.053686743201939,none,-0.027410887683671614,0.0011833333333333333,-0.025875757082872184,-0.02026233242942038,-0.015973199276869635,1,221,4.218287364931067,3.2742908126833616,4.374449747635938,1.2289528648883903,2.7274453857688705,0.0001978441588454949
2018-04-30,2018-03-31,0,0,0.6192687426476123,0.38073125735238766,0.9081539173276265,0.09184608267237349,none,0.0051683230256680535,0.0012583333333333333,0.00480920578913775,0.0041908256025843735,0.0036043271487341657,1,222,4.23857397694674,3.288012794451462,4.397058316991273,1.2304992972433748,2.7372759912194873,0.07631867894086897
2018-05-31,2018-04-30,0,0,0.5636085348106136,0.43639146518938643,0.8500123137104768,0.1499876862895232,none,0.024308953268804778,0.0014083333333333333,0.020874142270087687,0.018583798284936916,0.0151487052946162,1,223,4.3270505731638185,3.3491165609818396,4.503946202139223,1.2322322504203258,2.7787421785204995,0.11628320723429941
2018-06-30,2018-05-31,0,0,0.7524478425199468,0.24755215748005316,0.920003694113143,0.07999630588685702,none,0.005751158299928116,0.0014166666666666668,0.005404414981369711,0.004667535391612754,0.0040173616466235365,1,224,4.350435750106569,3.364748681060859,4.529849109722085,1.2339779127750878,2.7899053907743427,0.13998276080533234
2018-07-31,2018-06-30,0,0,0.7314045685087258,0.26859543149127413,0.9410011082339429,0.058998891766057104,none,0.037046279080701794,0.0015166666666666668,0.03495007132339618,0.028163875977193012,0.022834434115087746,1,225,4.502483789860646,3.4595130456086807,4.697663164034318,1.2358494459427967,2.8536113016073075,0.041994828241599835
2018-08-31,2018-07-31,0,0,0.698863864887126,0.30113613511287396,0.9473003324701829,0.05269966752981714,none,0.03192011331797873,0.0015916666666666666,0.030321814262758786,0.024338001655150713,0.019788734657453903,1,226,4.639007267057883,3.54371067983872,4.847613104559988,1.2378165063109223,2.910080658470326,0.012598448472479928
2018-09-30,2018-08-31,0,0,0.657767414293833,0.342232585706167,0.935612774187789,0.06438722581221101,none,0.0059453875580532944,0.0015916666666666666,0.005665063547896243,0.004856957335206637,0.004203899201498643,1,227,4.665287538024918,3.560922331419013,4.8764340431980955,1.2397866975834673,2.922314344226766,0.023375116564787746
2018-10-31,2018-09-30,0,1,0.6383013635944033,0.36169863640559674,0.9228436486013277,0.07715635139867227,none,-0.06910443437009117,0.001625,-0.06364720927760309,-0.05142207577756838,-0.04081266062205471,1,228,4.368355005752052,3.377812313454749,4.539450826899834,1.2418013509670405,2.8030469206648765,0.02553825117292252
2018-11-30,2018-10-31,0,0,0.6237047850512174,0.3762952149487826,0.9117876493578295,0.08821235064217048,none,0.018549025586360735,0.001825,0.017073759977188054,0.014368019189770551,0.01185941535181644,1,229,4.44293925061541,3.42634478559391,4.623653216436026,1.2440676384325553,2.836289418347671,0.02211199848699641
2018-12-31,2018-11-30,0,1,0.7002167351163913,0.29978326488360874,0.9385362948073488,0.06146370519265121,none,-0.08804808152299626,0.0018333333333333335,-0.08252363673796843,-0.06557772780891385,-0.052095515580464415,1,230,4.076291745848762,3.2016528798647417,4.2165494211012025,1.246348429103015,2.6885314587634337,0.05349729089903854
2019-01-31,2018-12-31,0,0,0.6981638980170345,0.3018361019829655,0.9465608884422045,0.05343911155779546,none,0.08006561809238222,0.0018916666666666667,0.07588807158122972,0.060522130235953334,0.048796037522096,1,231,4.3856336656437085,3.3954237324302308,4.554150056718747,1.2487061048814014,2.8197211407045897,0.016049187269711496
2019-02-28,2019-01-31,1,0,0.40984820880321426,0.5901517911967857,0.5491147037449319,0.4508852962550681,none,0.03241597773553928,0.002,0.018701860603363096,0.02481198330165446,0.020249586641323567,1,232,4.467653175115993,3.479670929381331,4.701777283561647,1.2512035170911642,2.8768193282476586,0.7948923693945453
2019-03-31,2019-02-28,0,0,0.536823570852881,0.46317642914711893,0.7335388881484921,0.2664611118515079,none,0.01810050661418905,0.002,0.013810347720399678,0.014075379960641787,0.01166030396851343,1,233,4.529353018958493,3.5286486198503724,4.786881834381198,1.2537059241253465,2.910363916077521,0.36884836880712046
2019-04-30,2019-03-31,1,0,0.4316427326394151,0.5683572673605849,0.6022956661446606,0.39770433385533943,none,0.04085284431246339,0.0020083333333333333,0.02540421394957205,0.031141716567680874,0.025315039920811366,1,234,4.644417672105255,3.638536795036691,4.982439572703332,1.256223783522965,2.9840398947971125,0.2624864440076631
2019-05-31,2019-04-30,1,1,0.41119724744758235,0.5888027525524177,0.5524524959530029,0.44754750404699706,none,-0.06377143077048386,0.0020166666666666666,-0.03432813196648649,-0.04732440641119623,-0.03745619179562365,1,235,4.484983489349744,3.466345201006283,4.664702272424562,1.2587571681530696,2.8722691241717992,0.09968634038331525
2019-06-30,2019-05-31,1,0,0.4528625361446281,0.5471374638553719,0.6220397397199665,0.3779602602800335,none,0.06958627115088634,0.0019916666666666668,0.04403819684650475,0.05268762002983142,0.04254842935719847,1,236,4.682494075107051,3.6489786798491317,4.9893015095916535,1.2612641928463078,2.9944796640964855,0.13917448753392714
2019-07-31,2019-06-30,1,0,0.4265725526005243,0.5734274473994757,0.5900900896036743,0.40990991039632574,none,0.015119426938475788,0.001983333333333333,0.009734811985834096,0.011835403537190174,0.009864989496418806,1,237,4.728077274553001,3.6921658150237495,5.064736889239952,1.2637657001621194,3.0240201745300372,0.0638993002325845
2019-08-31,2019-07-31,0,1,0.555257094303183,0.44474290569681696,0.7643626592956312,0.23563734070436881,none,-0.01674327652306229,0.002,-0.012326660687081263,-0.012057457392296717,-0.009245965913837372,1,238,4.669795870287286,3.6476476830238065,4.979936598986853,1.2662932315624436,2.9960601870735757,0.34854513938391385
2019-09-30,2019-08-31,0,0,0.5477797743837092,0.45222022561629077,0.8093956407873839,0.1906043592126161,none,0.01945786887394596,0.0017749999999999999,0.01608743698318678,0.01503715165545947,0.012384721324367576,1,239,4.744920917074879,3.702497914419121,5.076835552330504,1.268540902048467,3.033165557561514,0.09006596298350544
2019-10-31,2019-09-30,1,0,0.3826114833757598,0.6173885166242402,0.4811906609203565,0.5188093390796436,none,0.02210430235511307,0.0017000000000000001,0.011518359735875646,0.017003226766334804,0.013942581413067841,1,240,4.799574623116028,3.7654523260598705,5.189055460386405,1.2706974215819495,3.075455715287129,0.6564099597340549
2019-11-30,2019-10-31,0,0,0.612584868621938,0.387415131378062,0.7760544950984756,0.22394550490152443,none,0.0361985188341889,0.001525,0.028433540152153946,0.027530139125641673,0.02232911130051334,1,241,4.936043520875657,3.86911575246727,5.376891582200853,1.272635235149862,3.144127908253575,0.5897276683562382
2019-12-31,2019-11-30,0,0,0.5721392636315863,0.4278607363684137,0.8352130511269613,0.16478694887303869,none,0.029055136588556518,0.0012916666666666667,0.024480079089999905,0.022114269108084054,0.017949748619800577,1,242,5.056878256658375,3.9546784194276583,5.533117901543559,1.2742790556619306,3.2005642138352264,0.11831711205697149
2020-01-31,2019-12-31,1,1,0.48851869111904966,0.5114813088809503,0.7278614098527103,0.2721385901472897,none,-0.0004035984380221791,0.0012916666666666667,5.774861749374086e-05,2.0217838150032343e-05,0.00027450760385335925,1,243,5.057170284386531,3.954758374475878,5.530884743801103,1.2759249994421606,3.2014427930485447,0.21470328254850202
2020-02-29,2020-01-31,1,1,0.4893041732745852,0.5106958267254148,0.7289485720658396,0.27105142793416037,none,-0.07916567326486135,0.0012916666666666667,-0.057357596388636536,-0.059051338281979344,-0.046982737292250144,1,244,4.767103152346082,3.7212245998812117,5.093028529307738,1.2775730692331069,3.0510302473465774,0.0021743244262586447
2020-03-31,2020-02-29,0,1,0.5074499204034273,0.4925500795965727,0.305482788836191,0.6945172111638089,vix_spike+vix_panic,-0.12487137454885999,0.0013166666666666667,-0.037231608081628634,-0.09332436424497832,-0.07439615806264933,1,245,4.589616236093236,3.3739436798845235,4.4570550562365225,1.279255207107597,2.8240453188110575,0.8469315664592971
2020-04-30,2020-03-31,0,0,0.6522076547819188,0.3477923452180812,0.441800198968864,0.558199801031136,vix_spike+vix_panic+drawdown_crash,0.12698359542130366,0.0005416666666666668,0.05640373594847222,0.09537311323264441,0.07640682391944886,1,246,4.848487738378659,3.6957271925067157,5.023027932268137,1.279948137011447,3.039821652225998,0.27263482026534597
2020-05-31,2020-04-30,0,0,0.7731231029437765,0.22687689705622346,0.7975400596906592,0.20245994030934078,none,0.04764523067108284,4.1666666666666665e-05,0.03800741594423685,0.035744339669978795,0.02860380506931637,1,247,5.03276622855175,3.8278285206032527,5.262351256768345,1.2800014681838225,3.126772118211758,0.7114797214435904
2020-06-30,2020-05-31,0,0,0.9020306124669286,0.09796938753307136,0.9042620179071977,0.09573798209280227,none,0.01773431194013675,4.1666666666666665e-05,0.016040453783770968,0.013311150621769229,0.010657253830748715,1,248,5.113494082645357,3.8787813225953065,5.355675435494446,1.2800548015783302,3.160094922346449,0.21344391643307703
2020-07-31,2020-06-30,0,0,0.6524828792808072,0.34751712071919283,0.9239271442264008,0.07607285577359924,none,0.05889239603691676,6.666666666666667e-05,0.05441735481075694,0.044185963694354236,0.035362104288816726,1,249,5.391756904463376,4.050169013293842,5.6710839942867715,1.2801401385651021,3.2718425285530244,0.03933025263840606
2020-08-31,2020-07-31,1,0,0.21365232869130335,0.7863476713086966,0.14618215117118113,0.8538178488288188,none,0.06979659102182278,7.5e-05,0.010267052158647363,0.052366193266367086,0.04190795461309367,1,250,5.447114353828249,4.262260946605438,6.0669063244864105,1.2802361490754945,3.4089587567408137,1.5554899861104392
2020-09-30,2020-08-31,1,1,0.33074664400642617,0.6692533559935738,0.29286959283319874,0.7071304071668012,none,-0.037443767166024156,8.333333333333333e-05,-0.010907213310124024,-0.028061992041184782,-0.022432926966281158,1,251,5.387701515646406,4.142653413844344,5.839738496654262,1.280342835421251,3.3324858339197823,0.2933748833240353
2020-10-31,2020-09-30,1,1,0.29483422643889234,0.7051657735611077,0.2782727706207351,0.7217272293792649,none,-0.02493343756303823,7.5e-05,-0.006884167209562313,-0.01868132817227867,-0.014930062537822936,1,252,5.350611677537485,4.065263145916307,5.694133741463462,1.2804388611339075,3.282731612012951,0.02919364442492739
2020-11-30,2020-10-31,1,0,0.33912347938470044,0.6608765206152996,0.3316486390434991,0.6683513609565008,vix_spike,0.10877708538688924,7.5e-05,0.03612589867975205,0.08160156404016693,0.06529625123213355,1,253,5.543907332874903,4.396994976857927,6.313525013663,1.2805348940484926,3.4970816800786153,0.10675173684552813
2020-12-31,2020-11-30,0,0,0.5993010572519721,0.4006989427480278,0.7225549982403833,0.2774450017596167,none,0.03704808984710062,7.5e-05,0.026790090869413318,0.027804817385325465,0.02225885390826037,1,254,5.692429114094229,4.519252619233655,6.5474290556211034,1.2806309341655464,3.574922710300739,0.7818127183937682
2021-01-31,2020-12-31,0,1,0.6601085225177752,0.33989147748222476,0.8726726542692053,0.12732734573079474,none,-0.010190396443711669,7.5e-05,-0.008883330761659522,-0.007624047332783752,-0.006084237866227002,1,255,5.64186138343643,4.484797623355811,6.480708157857248,1.2807269814856088,3.553172030177892,0.300235312057644
2021-02-28,2021-01-31,1,0,0.46674682371648446,0.5332531762835155,0.6749354659361019,0.3250645340638981,vix_spike,0.027805388412911247,7.5e-05,0.018791222624057333,0.020872791309683437,0.016713233047746745,1,256,5.747878856706656,4.57840786821428,6.660906765377192,1.2808230360092203,3.6125570223769903,0.3954743766662068
2021-03-31,2021-02-28,0,0,0.5028359724008978,0.49716402759910217,0.7311764031525074,0.2688235968474926,none,0.04539939428518247,6.666666666666667e-05,0.033212887391865384,0.03406621238055352,0.027266303237776148,1,257,5.938782509916538,4.734376883017665,6.96330789791539,1.2809084242116209,3.711058097612879,0.1124818744328111
2021-04-30,2021-03-31,1,0,0.31270458429613934,0.6872954157038607,0.315540622224187,0.684459377775813,none,0.052910566325415465,5.833333333333334e-05,0.016735359817592634,0.03969750807739493,0.03176967312858261,1,258,6.038170172098416,4.922319847572691,7.331740462292332,1.2809831438697,3.82895720033522,0.8312715618566409
2021-05-31,2021-04-30,1,0,0.2512505877328137,0.7487494122671863,0.19958632568070353,0.8004136743192964,none,0.006566017537359414,5.833333333333334e-05,0.0013571781123052527,0.004939096486352894,0.003962943855748982,1,259,6.046365044494363,4.946631660236543,7.379880798747111,1.2810578678864255,3.844131142746214,0.2319085930869669
2021-06-30,2021-05-31,1,0,0.29826555392015364,0.7017344460798464,0.2595273030706873,0.7404726969293127,none,0.022427463518519097,4.9999999999999996e-05,0.005857562756523954,0.01683309763888932,0.013476478111111457,1,260,6.081782007191341,5.029898793956925,7.545392806132032,1.28112192077982,3.895936491947675,0.11988195477996746
2021-07-31,2021-06-30,1,0,0.46902180131719984,0.5309781986828002,0.5591642739005079,0.44083572609949206,none,0.02441269397089707,6.666666666666667e-05,0.0136800953465986,0.01832618714483947,0.014674283049204907,1,261,6.1649813649269465,5.122077660574583,7.729596171598342,1.2812073289078718,3.953106566772241,0.5992739416596413
2021-08-31,2021-07-31,0,0,0.6873151150178132,0.3126848849821868,0.8327492821701523,0.16725071782984768,none,0.02975958824752678,8.333333333333333e-05,0.024796213310626383,0.02234052451897842,0.0178890862818494,1,262,6.317849557907711,5.236507562138761,7.9596257709847675,1.281314096185281,4.023824031226575,0.5471700165392888
2021-09-30,2021-08-31,0,1,0.7987301133792896,0.20126988662071046,0.9148247846510457,0.08517521534895434,none,-0.046605306346620745,7.5e-05,-0.04262930120099216,-0.03493522975996556,-0.027933183807972446,1,263,6.048524046161108,5.0535689673156465,7.588664973523565,1.281410194742495,3.9114258149513867,0.1641510049617867
2021-10-31,2021-09-30,0,0,0.7891129590801491,0.21088704091985083,0.9394474353953137,0.060552564604686276,none,0.07016351123708553,6.666666666666667e-05,0.0659189675276506,0.05263930009448081,0.04212477340891799,1,264,6.447236506350216,5.319585300734331,8.121112353667863,1.2814956220888112,4.076193741112006,0.04924530148853612
2021-11-30,2021-10-31,0,1,0.8319774527295648,0.16802254727043522,0.9468342306185941,0.053165769381405936,none,-0.00803491038316273,6.666666666666667e-05,-0.007604183806105809,-0.006009516120705381,-0.004794279563230971,1,265,6.398210534914494,5.2876171671141,8.055859943694546,1.2815810551302838,4.056651328763223,0.01477359044656068
2021-12-31,2021-11-30,0,0,0.7123695263133272,0.2876304736866729,0.9318535435291667,0.06814645647083328,vix_spike,0.046247814395034226,6.666666666666667e-05,0.0431007328215899,0.034702527462942334,0.027775355303687202,1,266,6.673978097716126,5.471110847069403,8.428425859162923,1.2816664938672924,4.169326260762797,0.029961374178854694
2022-01-31,2021-12-31,1,1,0.46884265699946237,0.5311573430005376,0.6871951627488955,0.31280483725110453,none,-0.05274140050842846,6.666666666666667e-05,-0.03622278165017743,-0.03953938371465468,-0.03161817363839041,1,267,6.432228046344488,5.254786495941716,7.983898875269216,1.281751938300217,4.037499779094898,0.4893167615605425
2022-02-28,2022-01-31,1,1,0.44287515159369584,0.5571248484063042,0.6288680516543146,0.3711319483456854,none,-0.029516852818471828,6.666666666666667e-05,-0.01853746359302983,-0.022120972947187203,-0.01768344502441643,1,268,6.312990853113311,5.138545506021745,7.748239307250332,1.281837388429437,3.96610287371518,0.11665422218916177
2022-03-31,2022-02-28,1,0,0.34380498195907316,0.6561950180409268,0.3861942824869938,0.6138057175130063,none,0.037590331095160856,6.666666666666667e-05,0.014558091326911712,0.02820941498803731,0.02258086532376318,1,269,6.404895950498893,5.283500868636027,8.039498188214411,1.2819228442553323,4.055660908566733,0.48534753833464167
2022-04-30,2022-03-31,1,1,0.2834898105609185,0.7165101894390815,0.2560712371084414,0.7439287628915586,none,-0.08776914284522808,0.00016666666666666666,-0.022351164861176467,-0.0657851904672544,-0.05259481904047018,1,270,6.261739065190611,4.935924757658902,7.333878323329068,1.2821364980627081,3.8423541569911563,0.26024609075710475
2022-05-31,2022-04-30,1,0,0.27028665242388383,0.7297133475761162,0.20980047638623214,0.7901995236137679,vix_spike,0.0022572838637198167,0.000275,0.0006908840989411584,0.0017617128977898625,0.00146437031823189,1,271,6.26606520114247,4.9446204399669895,7.350432968526803,1.2824890855996753,3.8479807863707896,0.09254152144441849
2022-06-30,2022-05-31,1,1,0.2883619498545944,0.7116380501454056,0.2487637903942927,0.7512362096057073,none,-0.08246041741106735,0.0006416666666666667,-0.020031122758175646,-0.061684896391633846,-0.04921958377997374,1,272,6.140548879887652,4.639612040431671,6.744313197790012,1.2833120160962685,3.6585847736722834,0.07792662801612119
2022-07-31,2022-06-30,1,0,0.4289347006897548,0.5710652993102452,0.4916830785316505,0.5083169214683495,none,0.09208750889930539,0.0010083333333333333,0.04579042276573515,0.06931771500781238,0.05565583867291657,1,273,6.421727209111369,4.9612193455971285,7.365380199411202,1.2846060223791655,3.8622063776069773,0.48583857627471555
2022-08-31,2022-07-31,1,1,0.38648229645682564,0.6135177035431744,0.490859831638796,0.509140168361204,none,-0.04080206940597342,0.0014,-0.019315300683424894,-0.030251552054480064,-0.02392124164358405,1,274,6.297689617160452,4.811134760310104,7.064857445313444,1.2864044708104965,3.7698176055708497,0.0016464937857090245
2022-09-30,2022-08-31,1,1,0.478349776022004,0.521650223977996,0.6423394484078537,0.35766055159214627,none,-0.09244582099192844,0.0019416666666666668,-0.05868714009255842,-0.06884894907727966,-0.054690825928490394,1,275,5.928096224338706,4.479893188193583,6.411740898590504,1.2889022394913203,3.563643167122416,0.3029592335381155
2022-10-31,2022-09-30,1,0,0.35902687223074436,0.6409731277692556,0.3245439632346677,0.6754560367653323,drawdown_crash,0.0812755830062537,0.0021333333333333334,0.027818472701490495,0.06149002058802361,0.049618683137085555,1,276,6.093006807327281,4.755361912567753,6.932858878208489,1.291651897602235,3.740466448245503,0.635590970346372
2022-11-30,2022-10-31,1,0,0.2836453927590957,0.7163546072409043,0.2563677317274106,0.7436322682725893,none,0.05559149759852611,0.0025666666666666667,0.016160522297896912,0.042335289865561246,0.03438156522578233,1,277,6.191472979698331,4.956681537551959,7.318266885887336,1.2949671374727474,3.8690695394107064,0.13635246301451415
2022-12-31,2022-11-30,0,1,0.5628020837746346,0.43719791622536547,0.6711971968915549,0.3288028031084451,none,-0.05762826393128162,0.00315,-0.03764420038261132,-0.04243369794846122,-0.033316958358768974,1,278,5.958399930187044,4.746351210360765,6.896527870267862,1.2990462839557866,3.7401639106789784,0.8296589303282884
2023-01-31,2022-12-31,0,0,0.6400796214315093,0.3599203785684907,0.8482293994720959,0.15177060052790414,none,0.06288753547643822,0.0034166666666666664,0.053861606003262986,0.04801981827399533,0.0390991879525296,1,279,6.279328919636648,4.974270132946846,7.330233511373577,1.3034846920926355,3.886401282395884,0.35406440516108195
2023-02-28,2023-01-31,0,1,0.5276836468139652,0.4723163531860348,0.7982590558979564,0.20174094410204357,none,-0.02514273335839956,0.003608333333333333,-0.019342466020068547,-0.017954966685466336,-0.013642306681706403,1,280,6.157871213379742,4.884957278425275,7.145931404742306,1.3081880993566033,3.833381804213262,0.09994068714827886
2023-03-31,2023-02-28,0,0,0.5404389842371997,0.45956101576280034,0.8120929813656486,0.18790701863435144,none,0.0370776990251529,0.0038083333333333337,0.03082615170614711,0.028760357602198007,0.023769952748425072,1,281,6.347694685590302,5.025450396624246,7.41088609862173,1.313170115701653,3.924501108566083,0.027667850935384264
2023-04-30,2023-03-31,1,0,0.4096372286341533,0.5903627713658467,0.5485922887600578,0.45140771123994217,none,0.015975081395249724,0.0038750000000000004,0.01051301134680304,0.012950061046437294,0.011135048837149834,1,282,6.414428071845954,5.090530286046372,7.529275607258136,1.318258649899997,3.9682006200714146,0.5270013852111815
2023-05-31,2023-04-30,1,0,0.4778197988071934,0.5221802011928066,0.6588902440249591,0.3411097559750409,none,0.004616156693293849,0.004025,0.004414507377901372,0.004468367519970387,0.00437969401597631,1,283,6.442744611894136,5.113276646235967,7.564031923248235,1.3235646409658446,3.985580124581335,0.22059591052980254
2023-06-30,2023-05-31,0,0,0.57337258555631,0.42662741444369,0.8010950947689977,0.19890490523100235,none,0.06479979241042755,0.004216666666666666,0.052749511525766894,0.04965401097448733,0.040566542112923196,1,284,6.782596243056817,5.367171340943758,8.054179621660568,1.3291456718685841,4.147261328549593,0.2844097014880771
2023-07-31,2023-06-30,0,0,0.6577197921132212,0.3422802078867789,0.895237384370918,0.10476261562908196,none,0.03273325117013437,0.004233333333333333,0.029747525232337164,0.025608271710934112,0.021333284035413957,1,285,6.984361695937905,5.504615322961784,8.31781910618576,1.334772388546161,4.23573603244063,0.18828457920384079
2023-08-31,2023-07-31,0,1,0.7227239925876118,0.2772760074123882,0.9335712153112754,0.0664287846887246,none,-0.016252075188960213,0.004266666666666667,-0.014889040104149254,-0.011122389725053493,-0.008044578446709461,1,286,6.880371254545202,5.443390846053301,8.18263728466386,1.340467417403958,4.201661321648107,0.07666766188071472
2023-09-30,2023-08-31,0,1,0.748858523533654,0.25114147646634605,0.9450713645933826,0.05492863540661741,none,-0.04743444885542669,0.004441666666666667,-0.04458496461960206,-0.03446541997490335,-0.026684002646589346,1,287,6.573610145591577,5.25578209445653,7.794498394881964,1.346421326849594,4.089544179821177,0.023000298564214372
2023-10-31,2023-09-30,0,1,0.5358354378009977,0.4641645621990022,0.8110682958900504,0.18893170410994964,none,-0.02170870755970089,0.004441666666666667,-0.016768072794000364,-0.015171114003109002,-0.011248557869153866,1,288,6.463383372150918,5.1760460251260305,7.625289908652914,1.3524016815763509,4.043542705455996,0.26800613740666446
2023-11-30,2023-10-31,1,0,0.4906003778756287,0.5093996221243713,0.7319651839915146,0.26803481600848544,none,0.09134388730730003,0.004441666666666667,0.06805106658715905,0.06961833214714169,0.05658299905104669,1,289,6.903223504387497,5.536393716512148,8.321813530754397,1.3584085990453525,4.27233847852168,0.1582062237970716
2023-12-31,2023-11-30,1,0,0.49859605532667384,0.5014039446733262,0.7427404179707282,0.2572595820292718,none,0.045655422185430394,0.004441666666666667,0.035052788666816645,0.035351983305739465,0.029169919977924903,1,290,7.145200739006593,5.732116214752286,8.701749440849417,1.3644421972394456,4.396962250058767,0.0215504679584273
2024-01-31,2023-12-31,0,0,0.5827411105808457,0.41725888941915434,0.8337881566760663,0.16621184332393368,none,0.015926431642120598,0.004441666666666667,0.014017527685408248,0.013055240398257114,0.011332525651939027,1,291,7.245358788183417,5.806950369926624,8.840337258485967,1.3705025946655174,4.446790937548165,0.18209547741067622
2024-02-29,2024-01-31,1,0,0.46729639652593946,0.5327036034740605,0.6838617704366103,0.31613822956338966,none,0.052186761793494796,0.004441666666666667,0.037092711949763726,0.040250488011787766,0.033088723742763546,1,292,7.5141087946861935,6.040682956176402,9.301685833168731,1.3765899103568233,4.593929574422521,0.29985277247891196
2024-03-31,2024-02-29,1,0,0.43363840418097777,0.5663615958190222,0.6070661127558109,0.3929338872441891,none,0.032702052050417985,0.004441666666666667,0.021597588966561714,0.025636955704480154,0.021397897896917456,1,293,7.676395427883851,6.1955476775487055,9.60587004744165,1.3827042638753249,4.6922300104016434,0.15359131536159887
2024-04-30,2024-03-31,1,1,0.46674447951589126,0.5332555204841087,0.6599869755086862,0.34001302449131376,none,-0.04031965128950232,0.004441666666666667,-0.025100220191007955,-0.029129321800460076,-0.022415124107034726,1,294,7.4837162123707195,6.015075575519296,9.218564716796527,1.3888457753140377,4.587053092379738,0.10584172550575066
2024-05-31,2024-04-30,0,0,0.5135212251094412,0.4864787748905588,0.7401371726211318,0.25986282737886823,none,0.05057965848461543,0.004441666666666667,0.03859010948122017,0.03904516053012824,0.032124461757435926,1,295,7.772513640332488,6.2499351669663,9.68483657189042,1.395014565299391,4.734409704025219,0.16030039422489106
2024-06-30,2024-05-31,0,0,0.5265752033183732,0.47342479668162685,0.7795688209781537,0.22043117902184628,none,0.03528013273987973,0.004441666666666667,0.02848237330413617,0.027570516221576465,0.022944746310594503,1,296,7.993893275347928,6.422249105870946,10.026518891710756,1.401210754993596,4.843039533614494,0.0788632967140439
2024-07-31,2024-06-30,0,0,0.620532567017759,0.379467432982241,0.8703125043203787,0.12968749567962135,none,0.01210914745285474,0.004441666666666667,0.011114771071522395,0.010192277256307721,0.00904215513837951,1,297,8.082743569073603,6.487706449367057,10.147931487409316,1.407434466097026,4.886831048418741,0.18148736668444987
2024-08-31,2024-07-31,0,0,0.6816704526213839,0.3183295473786161,0.9251126513831676,0.07488734861683244,none,0.02336554813761582,0.004441666666666667,0.021948388828717236,0.018634577769878532,0.01579599554923616,1,298,8.260146767730445,6.608602119745929,10.385043469075606,1.413685820850607,4.964023409909433,0.10960029412557781
2024-09-30,2024-08-31,0,0,0.6131265140596687,0.3868734859403314,0.9029006136335269,0.09709938636647308,none,0.02100475632998955,0.004441666666666667,0.019396490487348022,0.016863983914158828,0.014379520464660397,1,299,8.420364625934827,6.7200494795884005,10.603178776619888,1.4199649420382183,5.035403686119278,0.04442407549928129
2024-10-31,2024-09-30,0,1,0.6436004902591009,0.35639950974089907,0.9194434677306177,0.08055653226938231,none,-0.008923672550919637,0.004275,-0.00786043325965847,-0.005624004413189727,-0.003644203530551782,1,300,8.354176911770677,6.682255891658341,10.508559481218471,1.4260352921654318,5.0170536502285685,0.03308570819418155
2024-11-30,2024-10-31,0,0,0.6550132923798753,0.34498670762012473,0.9295865674774668,0.07041343252253318,none,0.05963358734922419,0.004025,0.055717995836236205,0.045731440511918145,0.03739015240953451,1,301,8.819654906155897,6.98784507945313,11.135222580956231,1.4317750842163977,5.2046420508574265,0.020286199493698254
2024-12-31,2024-11-30,0,1,0.6037051546823353,0.3962948453176646,0.8943214973158591,0.10567850268414092,none,-0.024060208830796292,0.0038666666666666663,-0.02110893844357798,-0.01707848995643055,-0.012889458631811108,1,302,8.633481353648252,6.868503237446597,10.867306800281026,1.437311281208701,5.137557032449515,0.07053014032321547
2025-01-31,2024-12-31,0,0,0.5367050142779649,0.4632949857220351,0.8123972015483715,0.18760279845162853,none,0.02685632474815458,0.0037333333333333337,0.022518386850161134,0.02107557689444927,0.01760712818222608,1,303,8.827893426633356,7.013260905577177,11.159162720847203,1.4426772433252135,5.228014657663351,0.16384859153497522
2025-02-28,2025-01-31,0,1,0.6014156898918881,0.39858431010811185,0.8682158272005438,0.1317841727994562,none,-0.012694834127274901,0.003608333333333333,-0.010546334689467635,-0.008619042262122843,-0.006173567143031607,1,304,8.73479150795313,6.952813313436713,11.017499001106778,1.4478829037115455,5.195739158149513,0.11163725130434465
2025-03-31,2025-02-28,0,1,0.5731524456593899,0.42684755434061006,0.8617780162731733,0.1382219837268267,none,-0.05571901171809257,0.003608333333333333,-0.04751866839583855,-0.0408871754552361,-0.03198807369752221,1,305,8.319725846779919,6.668532415582725,10.403614845160035,1.4531073478557714,5.029537471045524,0.012875621854741004
2025-04-30,2025-03-31,1,1,0.46603918610263684,0.5339608138973632,0.681137484872433,0.318862515127567,none,-0.008670289302467826,0.003608333333333333,-0.004755096806513992,-0.005600633643517537,-0.003758840248147362,1,306,8.280164744974824,6.631184408583125,10.31341249466105,1.4583506435359512,5.010632243169793,0.36128106280148065
2025-05-31,2025-04-30,0,0,0.5141995907001291,0.4858004092998709,0.7473101487115162,0.25268985128848376,none,0.06284497903783204,0.003608333333333333,0.04787647984393366,0.04803581761170736,0.03915032075603255,1,307,8.676589885492062,6.949718773383421,10.961558686696538,1.4636128587747104,5.206800102680409,0.13234532767816654
2025-06-30,2025-05-31,0,0,0.5296364119206779,0.4703635880793221,0.7851629016546173,0.21483709834538267,none,0.05138616104558413,0.003608333333333333,0.04112171117463856,0.03944170411752143,0.032275029960683814,1,308,9.033386108744056,7.223827524943194,11.524831106681749,1.4688940618401225,5.374849731993711,0.07570550588620217
2025-07-31,2025-06-30,0,0,0.6983482895874988,0.30165171041250116,0.9005488704963851,0.0994511295036149,none,0.023031541148865298,0.003608333333333333,0.021099881193027203,0.018175739194982308,0.01526225802265251,1,309,9.223989482409298,7.355125930026096,11.790265728549013,1.4741943212465958,5.456882075436384,0.23077193768353554
2025-08-31,2025-07-31,0,0,0.5165648828539544,0.48343511714604565,0.7797587631690154,0.22024123683098462,none,0.020519438455756323,0.003608333333333333,0.016794915747415085,0.016291662175150576,0.013754996406787127,1,310,9.378905608621404,7.474953156933771,12.032195360542987,1.4795137057557608,5.531941468776272,0.24158021465473944
2025-09-30,2025-08-31,1,0,0.4264727192453551,0.5735272807546449,0.5898485872140711,0.4101514127859289,none,0.035620412937162005,0.003608333333333333,0.022490613261436053,0.027617393036204838,0.022815581095630536,1,311,9.58984294748042,7.681391876196032,12.460787127826134,1.484852284377363,5.658155927973418,0.3798203519098886
2025-10-31,2025-09-30,1,0,0.4882313784111051,0.5117686215888949,0.6860589277038951,0.3139410722961049,none,0.023837414102428234,0.003516666666666666,0.017457896862586923,0.018757227243487842,0.015709115128123605,1,312,9.75726143658594,7.825473489164123,12.757820070634333,1.4900740149107568,5.747040550858828,0.19242068097964804
2025-11-30,2025-10-31,1,1,0.47933475290036753,0.5206652470996325,0.7023237894631452,0.2976762105368548,none,0.0019499438514807288,0.003408333333333333,0.002384071705925419,0.0023145412219438798,0.0025332996442217707,1,313,9.78052344750422,7.843585870136022,12.782697103439364,1.4951526838449107,5.761599526641647,0.03252972351850025
2025-12-31,2025-11-30,0,1,0.5482301587355166,0.4517698412644834,0.7912308711593328,0.20876912884066723,none,0.0007975195784812872,0.0032333333333333333,0.0013060422940998635,0.0014064730171942986,0.0017718450804221058,1,314,9.793297224785096,7.854617662020415,12.792891554645154,1.4999870108560094,5.771808188418289,0.1778141633923751
2026-01-31,2025-12-31,0,0,0.575541770321609,0.424458229678391,0.8425889647105941,0.15741103528940592,none,0.0147377327962257,0.0031000000000000003,0.01290582522835034,0.011828299597169275,0.010082639677735419,1,315,9.91968780717746,7.9475244329480095,12.981429772068607,1.5046369705896632,5.830003250671113,0.10271618710252262
